{"1": {"global_step": 137, "best_epoch": 1, "acc": 0.5729331374168396, "best_acc": 0.5729331374168396, "loss": 3084.6974687785128, "epoch_time": 241.72760367393494}, "2": {"global_step": 274, "best_epoch": 1, "acc": 0.5676671862602234, "best_acc": 0.5729331374168396, "loss": 2794.7907821766653, "epoch_time": 240.9075927734375}, "3": {"global_step": 411, "best_epoch": 1, "acc": 0.5713533163070679, "best_acc": 0.5729331374168396, "loss": 2692.3999243223466, "epoch_time": 238.04122614860535}, "4": {"global_step": 548, "best_epoch": 4, "acc": 0.5845181941986084, "best_acc": 0.5845181941986084, "loss": 2638.027437307539, "epoch_time": 238.25976014137268}, "5": {"global_step": 685, "best_epoch": 4, "acc": 0.5676671862602234, "best_acc": 0.5845181941986084, "loss": 2603.703101120552, "epoch_time": 237.49804210662842}, "6": {"global_step": 822, "best_epoch": 4, "acc": 0.5813586115837097, "best_acc": 0.5845181941986084, "loss": 2581.857655917351, "epoch_time": 237.5803816318512}, "7": {"global_step": 959, "best_epoch": 7, "acc": 0.5913638472557068, "best_acc": 0.5913638472557068, "loss": 2563.428044196836, "epoch_time": 237.70550966262817}, "8": {"global_step": 1096, "best_epoch": 7, "acc": 0.5839915871620178, "best_acc": 0.5913638472557068, "loss": 2548.594797176166, "epoch_time": 243.15222477912903}, "9": {"global_step": 1233, "best_epoch": 7, "acc": 0.5876777172088623, "best_acc": 0.5913638472557068, "loss": 2535.772784676285, "epoch_time": 243.5861358642578}, "10": {"global_step": 1370, "best_epoch": 7, "acc": 0.5913638472557068, "best_acc": 0.5913638472557068, "loss": 2524.9837981509468, "epoch_time": 243.14877033233643}, "11": {"global_step": 1507, "best_epoch": 11, "acc": 0.620853066444397, "best_acc": 0.620853066444397, "loss": 2515.6977390018455, "epoch_time": 243.40090489387512}, "12": {"global_step": 1644, "best_epoch": 11, "acc": 0.6176935434341431, "best_acc": 0.620853066444397, "loss": 2506.5931299956756, "epoch_time": 243.6551706790924}, "13": {"global_step": 1781, "best_epoch": 11, "acc": 0.6161137223243713, "best_acc": 0.620853066444397, "loss": 2498.660857965811, "epoch_time": 243.549400806427}, "14": {"global_step": 1918, "best_epoch": 14, "acc": 0.6292785406112671, "best_acc": 0.6292785406112671, "loss": 2491.252331937565, "epoch_time": 243.95017099380493}, "15": {"global_step": 2055, "best_epoch": 15, "acc": 0.6308583617210388, "best_acc": 0.6308583617210388, "loss": 2483.464273732132, "epoch_time": 242.97900319099426}, "16": {"global_step": 2192, "best_epoch": 15, "acc": 0.6066350936889648, "best_acc": 0.6308583617210388, "loss": 2475.4238520712747, "epoch_time": 242.60141468048096}, "17": {"global_step": 2329, "best_epoch": 15, "acc": 0.6271721720695496, "best_acc": 0.6308583617210388, "loss": 2467.8240510278015, "epoch_time": 242.24479842185974}, "18": {"global_step": 2466, "best_epoch": 18, "acc": 0.6371774673461914, "best_acc": 0.6371774673461914, "loss": 2460.3936856680543, "epoch_time": 241.7361695766449}, "19": {"global_step": 2603, "best_epoch": 18, "acc": 0.625065803527832, "best_acc": 0.6371774673461914, "loss": 2451.8549481105033, "epoch_time": 239.6103048324585}, "20": {"global_step": 2740, "best_epoch": 18, "acc": 0.620853066444397, "best_acc": 0.6371774673461914, "loss": 2444.0609876646613, "epoch_time": 241.37910652160645}, "21": {"global_step": 2877, "best_epoch": 21, "acc": 0.6382306218147278, "best_acc": 0.6382306218147278, "loss": 2433.952304069723, "epoch_time": 240.06082129478455}, "22": {"global_step": 3014, "best_epoch": 21, "acc": 0.6366508603096008, "best_acc": 0.6382306218147278, "loss": 2423.9926878910787, "epoch_time": 238.52459120750427}, "23": {"global_step": 3151, "best_epoch": 23, "acc": 0.6529752612113953, "best_acc": 0.6529752612113953, "loss": 2414.2687983245028, "epoch_time": 237.3364748954773}, "24": {"global_step": 3288, "best_epoch": 23, "acc": 0.6398104429244995, "best_acc": 0.6529752612113953, "loss": 2406.5208831935615, "epoch_time": 237.18258953094482}, "25": {"global_step": 3425, "best_epoch": 23, "acc": 0.643496572971344, "best_acc": 0.6529752612113953, "loss": 2397.929092010721, "epoch_time": 237.37334632873535}, "26": {"global_step": 3562, "best_epoch": 23, "acc": 0.6471827030181885, "best_acc": 0.6529752612113953, "loss": 2389.0720663782854, "epoch_time": 237.80867195129395}, "27": {"global_step": 3699, "best_epoch": 27, "acc": 0.6556082367897034, "best_acc": 0.6556082367897034, "loss": 2380.1554929924578, "epoch_time": 235.97787714004517}, "28": {"global_step": 3836, "best_epoch": 28, "acc": 0.6624539494514465, "best_acc": 0.6624539494514465, "loss": 2371.28660623274, "epoch_time": 236.18160009384155}, "29": {"global_step": 3973, "best_epoch": 28, "acc": 0.6471827030181885, "best_acc": 0.6624539494514465, "loss": 2362.2008590640635, "epoch_time": 235.81566905975342}, "30": {"global_step": 4110, "best_epoch": 30, "acc": 0.6682464480400085, "best_acc": 0.6682464480400085, "loss": 2353.1091525409634, "epoch_time": 236.01526403427124}, "31": {"global_step": 4247, "best_epoch": 30, "acc": 0.6545550227165222, "best_acc": 0.6682464480400085, "loss": 2343.877650480762, "epoch_time": 236.40622806549072}, "32": {"global_step": 4384, "best_epoch": 32, "acc": 0.6793048977851868, "best_acc": 0.6793048977851868, "loss": 2334.648649480221, "epoch_time": 236.2491590976715}, "33": {"global_step": 4521, "best_epoch": 32, "acc": 0.6540284156799316, "best_acc": 0.6793048977851868, "loss": 2325.7637621384492, "epoch_time": 236.04027199745178}, "34": {"global_step": 4658, "best_epoch": 32, "acc": 0.6535018682479858, "best_acc": 0.6793048977851868, "loss": 2318.0394955901643, "epoch_time": 236.44822120666504}, "35": {"global_step": 4795, "best_epoch": 32, "acc": 0.6545550227165222, "best_acc": 0.6793048977851868, "loss": 2310.7171478876107, "epoch_time": 235.73822689056396}, "36": {"global_step": 4932, "best_epoch": 32, "acc": 0.6592943668365479, "best_acc": 0.6793048977851868, "loss": 2303.3578372902725, "epoch_time": 236.12372994422913}, "37": {"global_step": 5069, "best_epoch": 32, "acc": 0.6456029415130615, "best_acc": 0.6793048977851868, "loss": 2296.027761519931, "epoch_time": 235.98321747779846}, "38": {"global_step": 5206, "best_epoch": 32, "acc": 0.660347580909729, "best_acc": 0.6793048977851868, "loss": 2288.7455979653887, "epoch_time": 236.2357726097107}, "39": {"global_step": 5343, "best_epoch": 32, "acc": 0.6529752612113953, "best_acc": 0.6793048977851868, "loss": 2281.8198139833953, "epoch_time": 236.3213174343109}, "40": {"global_step": 5480, "best_epoch": 32, "acc": 0.6587677597999573, "best_acc": 0.6793048977851868, "loss": 2275.054839597827, "epoch_time": 236.1591341495514}, "41": {"global_step": 5617, "best_epoch": 32, "acc": 0.6519220471382141, "best_acc": 0.6793048977851868, "loss": 2268.2231707621327, "epoch_time": 236.19270396232605}, "42": {"global_step": 5754, "best_epoch": 32, "acc": 0.6382306218147278, "best_acc": 0.6793048977851868, "loss": 2261.665921240082, "epoch_time": 236.81628394126892}, "43": {"global_step": 5891, "best_epoch": 32, "acc": 0.6598209738731384, "best_acc": 0.6793048977851868, "loss": 2255.2752055406286, "epoch_time": 236.86080694198608}, "44": {"global_step": 6028, "best_epoch": 32, "acc": 0.6466561555862427, "best_acc": 0.6793048977851868, "loss": 2249.190680409554, "epoch_time": 236.3515977859497}, "45": {"global_step": 6165, "best_epoch": 32, "acc": 0.6529752612113953, "best_acc": 0.6793048977851868, "loss": 2243.577264290444, "epoch_time": 236.88255333900452}, "46": {"global_step": 6302, "best_epoch": 32, "acc": 0.660347580909729, "best_acc": 0.6793048977851868, "loss": 2237.6913585220964, "epoch_time": 243.6875627040863}, "47": {"global_step": 6439, "best_epoch": 32, "acc": 0.6503422856330872, "best_acc": 0.6793048977851868, "loss": 2231.9031679094496, "epoch_time": 237.497487783432}, "48": {"global_step": 6576, "best_epoch": 32, "acc": 0.6624539494514465, "best_acc": 0.6793048977851868, "loss": 2226.212586117487, "epoch_time": 240.20032334327698},