{"1": {"global_step": 399, "best_epoch": 1, "acc": 0.6176180243492126, "best_acc": 0.6176180243492126, "loss": 2560.991750004895, "epoch_time": 641.0130574703217}, "2": {"global_step": 798, "best_epoch": 2, "acc": 0.6785060167312622, "best_acc": 0.6785060167312622, "loss": 2448.49196508116, "epoch_time": 639.5770301818848}, "3": {"global_step": 1197, "best_epoch": 3, "acc": 0.7206483483314514, "best_acc": 0.7206483483314514, "loss": 2366.866554610811, "epoch_time": 641.7268438339233}, "4": {"global_step": 1596, "best_epoch": 4, "acc": 0.7471458911895752, "best_acc": 0.7471458911895752, "loss": 2286.7857162743285, "epoch_time": 639.1742577552795}, "5": {"global_step": 1995, "best_epoch": 5, "acc": 0.7585623860359192, "best_acc": 0.7585623860359192, "loss": 2208.591386853364, "epoch_time": 638.1764225959778}, "6": {"global_step": 2394, "best_epoch": 6, "acc": 0.7833685874938965, "best_acc": 0.7833685874938965, "loss": 2126.299912939494, "epoch_time": 641.6014156341553}, "7": {"global_step": 2793, "best_epoch": 7, "acc": 0.8147991299629211, "best_acc": 0.8147991299629211, "loss": 2002.0391262012104, "epoch_time": 641.9646382331848}, "8": {"global_step": 3192, "best_epoch": 7, "acc": 0.8109936714172363, "best_acc": 0.8147991299629211, "loss": 1871.915979638733, "epoch_time": 639.7569544315338}, "9": {"global_step": 3591, "best_epoch": 9, "acc": 0.8257927894592285, "best_acc": 0.8257927894592285, "loss": 1749.6472376093363, "epoch_time": 637.9410934448242}, "10": {"global_step": 3990, "best_epoch": 9, "acc": 0.8245242834091187, "best_acc": 0.8257927894592285, "loss": 1638.5051481242167, "epoch_time": 639.2592971324921}, "11": {"global_step": 4389, "best_epoch": 9, "acc": 0.8140944242477417, "best_acc": 0.8257927894592285, "loss": 1541.0025385076349, "epoch_time": 638.0398800373077}, "12": {"global_step": 4788, "best_epoch": 9, "acc": 0.8221282362937927, "best_acc": 0.8257927894592285, "loss": 1455.397543210035, "epoch_time": 638.9290602207184}, "13": {"global_step": 5187, "best_epoch": 13, "acc": 0.8303030133247375, "best_acc": 0.8303030133247375, "loss": 1379.1127082173111, "epoch_time": 638.2424936294556}, "14": {"global_step": 5586, "best_epoch": 13, "acc": 0.828470766544342, "best_acc": 0.8303030133247375, "loss": 1311.2273047147069, "epoch_time": 638.5072314739227}, "15": {"global_step": 5985, "best_epoch": 13, "acc": 0.8266384601593018, "best_acc": 0.8303030133247375, "loss": 1252.1088112482948, "epoch_time": 638.9020035266876}, "16": {"global_step": 6384, "best_epoch": 13, "acc": 0.8215644955635071, "best_acc": 0.8303030133247375, "loss": 1198.7775569930113, "epoch_time": 638.7414839267731}, "17": {"global_step": 6783, "best_epoch": 13, "acc": 0.823960542678833, "best_acc": 0.8303030133247375, "loss": 1151.1839038928174, "epoch_time": 637.6373617649078}, "18": {"global_step": 7182, "best_epoch": 13, "acc": 0.8298801779747009, "best_acc": 0.8303030133247375, "loss": 1108.1101558199834, "epoch_time": 643.3931114673615}, "19": {"global_step": 7581, "best_epoch": 13, "acc": 0.8236786723136902, "best_acc": 0.8303030133247375, "loss": 1069.1957533906434, "epoch_time": 639.40797996521}, "20": {"global_step": 7980, "best_epoch": 13, "acc": 0.8283298015594482, "best_acc": 0.8303030133247375, "loss": 1033.7543337905615, "epoch_time": 638.8309526443481}, "21": {"global_step": 8379, "best_epoch": 13, "acc": 0.828470766544342, "best_acc": 0.8303030133247375, "loss": 999.50311633496, "epoch_time": 639.3040637969971}, "22": {"global_step": 8778, "best_epoch": 13, "acc": 0.8263565897941589, "best_acc": 0.8303030133247375, "loss": 967.3003397185646, "epoch_time": 637.5785810947418}, "23": {"global_step": 9177, "best_epoch": 13, "acc": 0.8280479311943054, "best_acc": 0.8303030133247375, "loss": 937.9115544967925, "epoch_time": 640.7900860309601}, "24": {"global_step": 9576, "best_epoch": 13, "acc": 0.8208597898483276, "best_acc": 0.8303030133247375, "loss": 911.002445292652, "epoch_time": 639.7526385784149}, "25": {"global_step": 9975, "best_epoch": 13, "acc": 0.8280479311943054, "best_acc": 0.8303030133247375, "loss": 886.1264754048207, "epoch_time": 641.3785536289215}, "26": {"global_step": 10374, "best_epoch": 13, "acc": 0.8270612955093384, "best_acc": 0.8303030133247375, "loss": 862.6869526119023, "epoch_time": 641.3786315917969}, "27": {"global_step": 10773, "best_epoch": 13, "acc": 0.8260747194290161, "best_acc": 0.8303030133247375, "loss": 841.1781072925528, "epoch_time": 641.2762846946716}, "28": {"global_step": 11172, "best_epoch": 13, "acc": 0.8257927894592285, "best_acc": 0.8303030133247375, "loss": 821.4709748535485, "epoch_time": 641.4517960548401}, "29": {"global_step": 11571, "best_epoch": 13, "acc": 0.8253699541091919, "best_acc": 0.8303030133247375, "loss": 802.9163004273769, "epoch_time": 639.7997255325317}, "30": {"global_step": 11970, "best_epoch": 13, "acc": 0.8245242834091187, "best_acc": 0.8303030133247375, "loss": 785.39330156688, "epoch_time": 639.4560127258301}, "31": {"global_step": 12369, "best_epoch": 13, "acc": 0.8241015076637268, "best_acc": 0.8303030133247375, "loss": 768.4230617973777, "epoch_time": 640.643308877945}, "32": {"global_step": 12768, "best_epoch": 13, "acc": 0.8232558369636536, "best_acc": 0.8303030133247375, "loss": 751.9697582736649, "epoch_time": 639.3584403991699}, "33": {"global_step": 13167, "best_epoch": 13, "acc": 0.8197321891784668, "best_acc": 0.8303030133247375, "loss": 736.5680988703175, "epoch_time": 642.1257855892181}, "34": {"global_step": 13566, "best_epoch": 13, "acc": 0.8277660608291626, "best_acc": 0.8303030133247375, "loss": 722.0995453178364, "epoch_time": 641.898957490921}, "35": {"global_step": 13965, "best_epoch": 13, "acc": 0.8236786723136902, "best_acc": 0.8303030133247375, "loss": 708.2011173921634, "epoch_time": 642.7083146572113}, "36": {"global_step": 14364, "best_epoch": 13, "acc": 0.8269203901290894, "best_acc": 0.8303030133247375, "loss": 695.1295447712056, "epoch_time": 640.2205753326416}, "37": {"global_step": 14763, "best_epoch": 13, "acc": 0.827343225479126, "best_acc": 0.8303030133247375, "loss": 682.74636739555, "epoch_time": 641.2629528045654}, "38": {"global_step": 15162, "best_epoch": 13, "acc": 0.8267794251441956, "best_acc": 0.8303030133247375, "loss": 670.9577304438541, "epoch_time": 641.4754683971405}, "39": {"global_step": 15561, "best_epoch": 13, "acc": 0.8187456130981445, "best_acc": 0.8303030133247375, "loss": 659.822780287501, "epoch_time": 641.1921193599701}, "40": {"global_step": 15960, "best_epoch": 13, "acc": 0.8280479311943054, "best_acc": 0.8303030133247375, "loss": 649.252845405875, "epoch_time": 640.7895891666412}, "41": {"global_step": 16359, "best_epoch": 13, "acc": 0.8180408477783203, "best_acc": 0.8303030133247375, "loss": 638.9003420585568, "epoch_time": 640.9158039093018}, "42": {"global_step": 16758, "best_epoch": 13, "acc": 0.820436954498291, "best_acc": 0.8303030133247375, "loss": 629.1553494541866, "epoch_time": 641.552127122879}, "43": {"global_step": 17157, "best_epoch": 13, "acc": 0.8219873309135437, "best_acc": 0.8303030133247375, "loss": 619.9961327609882, "epoch_time": 641.4764142036438}, "44": {"global_step": 17556, "best_epoch": 13, "acc": 0.8173361420631409, "best_acc": 0.8303030133247375, "loss": 611.1716977656363, "epoch_time": 641.609334230423}, "45": {"global_step": 17955, "best_epoch": 13, "acc": 0.82057785987854, "best_acc": 0.8303030133247375, "loss": 602.7982190456406, "epoch_time": 641.8516941070557}, "46": {"global_step": 18354, "best_epoch": 13, "acc": 0.8201550245285034, "best_acc": 0.8303030133247375, "loss": 594.8390836874696, "epoch_time": 641.5773072242737}, "47": {"global_step": 18753, "best_epoch": 13, "acc": 0.8241015076637268, "best_acc": 0.8303030133247375, "loss": 587.1366786831685, "epoch_time": 642.0680932998657}, "48": {"global_step": 19152, "best_epoch": 13, "acc": 0.8200141191482544, "best_acc": 0.8303030133247375, "loss": 579.7980913920709, "epoch_time": 642.8747699260712}, "49": {"global_step": 19551,