{"1": {"global_step": 164, "best_epoch": 1, "acc": 0.5533890724182129, "best_acc": 0.5533890724182129, "loss": 2994.271232791063, "epoch_time": 440.0211293697357}, "2": {"global_step": 328, "best_epoch": 1, "acc": 0.5450325012207031, "best_acc": 0.5533890724182129, "loss": 2747.880778242902, "epoch_time": 440.04828095436096}, "3": {"global_step": 492, "best_epoch": 3, "acc": 0.5626741051673889, "best_acc": 0.5626741051673889, "loss": 2660.887376242537, "epoch_time": 440.23623967170715}, "4": {"global_step": 656, "best_epoch": 4, "acc": 0.5775302052497864, "best_acc": 0.5775302052497864, "loss": 2614.5479665616663, "epoch_time": 440.3389358520508}, "5": {"global_step": 820, "best_epoch": 4, "acc": 0.5770659446716309, "best_acc": 0.5775302052497864, "loss": 2585.708468702363, "epoch_time": 440.3655655384064}, "6": {"global_step": 984, "best_epoch": 4, "acc": 0.5766016840934753, "best_acc": 0.5775302052497864, "loss": 2568.934598845195, "epoch_time": 440.5079619884491}, "7": {"global_step": 1148, "best_epoch": 7, "acc": 0.5909935235977173, "best_acc": 0.5909935235977173, "loss": 2555.485401964354, "epoch_time": 440.266499042511}, "8": {"global_step": 1312, "best_epoch": 8, "acc": 0.6021355390548706, "best_acc": 0.6021355390548706, "loss": 2543.510459155571, "epoch_time": 440.1193137168884}, "9": {"global_step": 1476, "best_epoch": 8, "acc": 0.5933147668838501, "best_acc": 0.6021355390548706, "loss": 2533.67709805455, "epoch_time": 440.13137650489807}, "10": {"global_step": 1640, "best_epoch": 8, "acc": 0.5696378946304321, "best_acc": 0.6021355390548706, "loss": 2524.42494938548, "epoch_time": 440.03293633461}, "11": {"global_step": 1804, "best_epoch": 11, "acc": 0.606778085231781, "best_acc": 0.606778085231781, "loss": 2516.453195643795, "epoch_time": 440.2677524089813}, "12": {"global_step": 1968, "best_epoch": 11, "acc": 0.5979573130607605, "best_acc": 0.606778085231781, "loss": 2415.4472075671683, "epoch_time": 448.0800290107727}, "13": {"global_step": 2132, "best_epoch": 11, "acc": 0.5993500351905823, "best_acc": 0.606778085231781, "loss": 2411.1512681914537, "epoch_time": 447.7176761627197}, "14": {"global_step": 2296, "best_epoch": 14, "acc": 0.6146703958511353, "best_acc": 0.6146703958511353, "loss": 2393.2633575191344, "epoch_time": 447.86441230773926}, "15": {"global_step": 2460, "best_epoch": 15, "acc": 0.6378830075263977, "best_acc": 0.6378830075263977, "loss": 2374.9741169999284, "epoch_time": 447.8442449569702}, "16": {"global_step": 2624, "best_epoch": 15, "acc": 0.6378830075263977, "best_acc": 0.6378830075263977, "loss": 2347.0624627834413, "epoch_time": 447.6765513420105}, "17": {"global_step": 2788, "best_epoch": 15, "acc": 0.6165273785591125, "best_acc": 0.6378830075263977, "loss": 2325.743675293961, "epoch_time": 448.30320382118225}, "18": {"global_step": 2952, "best_epoch": 18, "acc": 0.6448467969894409, "best_acc": 0.6448467969894409, "loss": 2302.96634655464, "epoch_time": 447.8023359775543}, "19": {"global_step": 3116, "best_epoch": 18, "acc": 0.6248839497566223, "best_acc": 0.6448467969894409, "loss": 2284.8856676613414, "epoch_time": 447.84131813049316}, "20": {"global_step": 3280, "best_epoch": 18, "acc": 0.621169924736023, "best_acc": 0.6448467969894409, "loss": 2263.110117594401, "epoch_time": 447.5063922405243}, "21": {"global_step": 3444, "best_epoch": 21, "acc": 0.6583101153373718, "best_acc": 0.6583101153373718, "loss": 2239.505521448647, "epoch_time": 447.664098739624}, "22": {"global_step": 3608, "best_epoch": 22, "acc": 0.6657381653785706, "best_acc": 0.6657381653785706, "loss": 2216.0466810002295, "epoch_time": 447.6878571510315}, "23": {"global_step": 3772, "best_epoch": 22, "acc": 0.6532033681869507, "best_acc": 0.6657381653785706, "loss": 2195.3500284954785, "epoch_time": 447.64687871932983}, "24": {"global_step": 3936, "best_epoch": 22, "acc": 0.6522748470306396, "best_acc": 0.6657381653785706, "loss": 2172.754924323277, "epoch_time": 447.96505665779114}, "25": {"global_step": 4100, "best_epoch": 25, "acc": 0.6694521903991699, "best_acc": 0.6694521903991699, "loss": 2154.7601322612695, "epoch_time": 448.6471424102783}, "26": {"global_step": 4264, "best_epoch": 26, "acc": 0.670380711555481, "best_acc": 0.670380711555481, "loss": 1882.491809007598, "epoch_time": 440.7088441848755}, "27": {"global_step": 4428, "best_epoch": 26, "acc": 0.621169924736023, "best_acc": 0.670380711555481, "loss": 1889.3410205375858, "epoch_time": 440.24043703079224}, "28": {"global_step": 4592, "best_epoch": 28, "acc": 0.6815227270126343, "best_acc": 0.6815227270126343, "loss": 1907.7191936213796, "epoch_time": 440.4769141674042}, "29": {"global_step": 4756, "best_epoch": 28, "acc": 0.6262766718864441, "best_acc": 0.6815227270126343, "loss": 1974.695216109113, "epoch_time": 440.4303340911865}, "30": {"global_step": 4920, "best_epoch": 28, "acc": 0.6601671576499939, "best_acc": 0.6815227270126343, "loss": 1989.6924191358612, "epoch_time": 440.3282377719879}, "31": {"global_step": 5084, "best_epoch": 28, "acc": 0.6536675691604614, "best_acc": 0.6815227270126343, "loss": 1978.9369746262464, "epoch_time": 440.48902678489685}, "32": {"global_step": 5248, "best_epoch": 28, "acc": 0.6657381653785706, "best_acc": 0.6815227270126343, "loss": 1960.3139082745809, "epoch_time": 440.7585995197296}, "33": {"global_step": 5412, "best_epoch": 28, "acc": 0.6634169220924377, "best_acc": 0.6815227270126343, "loss": 1946.3422231906798, "epoch_time": 440.4197406768799}, "34": {"global_step": 5576, "best_epoch": 28, "acc": 0.6490250825881958, "best_acc": 0.6815227270126343, "loss": 1932.5545806471248, "epoch_time": 440.3996067047119}, "35": {"global_step": 5740, "best_epoch": 28, "acc": 0.6648096442222595, "best_acc": 0.6815227270126343, "loss": 1921.8851766074577, "epoch_time": 440.6206271648407}, "36": {"global_step": 5904, "best_epoch": 28, "acc": 0.6759517192840576, "best_acc": 0.6815227270126343, "loss": 1910.4612233908372, "epoch_time": 440.5334746837616}, "37": {"global_step": 6068, "best_epoch": 37, "acc": 0.6843082904815674, "best_acc": 0.6843082904815674, "loss": 1900.2978718145107, "epoch_time": 440.4926085472107}, "38": {"global_step": 6232, "best_epoch": 37, "acc": 0.6606313586235046, "best_acc": 0.6843082904815674, "loss": 1897.564859587077, "epoch_time": 440.3684575557709}, "39": {"global_step": 6396, "best_epoch": 37, "acc": 0.6843082904815674, "best_acc": 0.6843082904815674, "loss": 1810.1814046720178, "epoch_time": 442.5065999031067}}