{"1": {"global_step": 137, "best_epoch": 1, "acc": 0.5808320045471191, "best_acc": 0.5808320045471191, "loss": 2593.0717844719434, "epoch_time": 242.17993235588074}, "2": {"global_step": 274, "best_epoch": 2, "acc": 0.596629798412323, "best_acc": 0.596629798412323, "loss": 2532.307311566207, "epoch_time": 238.4007863998413}, "3": {"global_step": 411, "best_epoch": 3, "acc": 0.6040021181106567, "best_acc": 0.6040021181106567, "loss": 2497.266640767564, "epoch_time": 238.6021065711975}, "4": {"global_step": 548, "best_epoch": 4, "acc": 0.6319115161895752, "best_acc": 0.6319115161895752, "loss": 2467.184012976876, "epoch_time": 238.28184366226196}, "5": {"global_step": 685, "best_epoch": 4, "acc": 0.625065803527832, "best_acc": 0.6319115161895752, "loss": 2441.714977047217, "epoch_time": 238.13419461250305}, "6": {"global_step": 822, "best_epoch": 6, "acc": 0.6392838358879089, "best_acc": 0.6392838358879089, "loss": 2427.105363609147, "epoch_time": 238.189227104187}, "7": {"global_step": 959, "best_epoch": 7, "acc": 0.688783586025238, "best_acc": 0.688783586025238, "loss": 2399.8164059954215, "epoch_time": 238.49245476722717}, "8": {"global_step": 1096, "best_epoch": 8, "acc": 0.7319641709327698, "best_acc": 0.7319641709327698, "loss": 2355.616718598526, "epoch_time": 239.4546844959259}, "9": {"global_step": 1233, "best_epoch": 8, "acc": 0.7277514338493347, "best_acc": 0.7319641709327698, "loss": 2297.1206571481525, "epoch_time": 238.81856298446655}, "10": {"global_step": 1370, "best_epoch": 8, "acc": 0.7282780408859253, "best_acc": 0.7319641709327698, "loss": 2228.1468900583086, "epoch_time": 238.3943042755127}, "11": {"global_step": 1507, "best_epoch": 11, "acc": 0.7693523168563843, "best_acc": 0.7693523168563843, "loss": 2151.414999411924, "epoch_time": 238.69182419776917}, "12": {"global_step": 1644, "best_epoch": 11, "acc": 0.7646129727363586, "best_acc": 0.7693523168563843, "loss": 2071.601025806436, "epoch_time": 237.80402374267578}, "13": {"global_step": 1781, "best_epoch": 13, "acc": 0.7730384469032288, "best_acc": 0.7730384469032288, "loss": 1995.097891411843, "epoch_time": 238.3582661151886}, "14": {"global_step": 1918, "best_epoch": 14, "acc": 0.7877830266952515, "best_acc": 0.7877830266952515, "loss": 1919.721724143242, "epoch_time": 237.98705458641052}, "15": {"global_step": 2055, "best_epoch": 14, "acc": 0.76145339012146, "best_acc": 0.7877830266952515, "loss": 1846.7544556852095, "epoch_time": 237.71134781837463}, "16": {"global_step": 2192, "best_epoch": 14, "acc": 0.7777777910232544, "best_acc": 0.7877830266952515, "loss": 1778.8621406276732, "epoch_time": 237.6826913356781}, "17": {"global_step": 2329, "best_epoch": 14, "acc": 0.7725118398666382, "best_acc": 0.7877830266952515, "loss": 1714.7573475688248, "epoch_time": 238.27775168418884}, "18": {"global_step": 2466, "best_epoch": 18, "acc": 0.7946287393569946, "best_acc": 0.7946287393569946, "loss": 1654.298834089912, "epoch_time": 237.74565649032593}, "19": {"global_step": 2603, "best_epoch": 18, "acc": 0.7735650539398193, "best_acc": 0.7946287393569946, "loss": 1597.7626619225414, "epoch_time": 242.33056449890137}, "20": {"global_step": 2740, "best_epoch": 18, "acc": 0.7735650539398193, "best_acc": 0.7946287393569946, "loss": 1545.2103940198022, "epoch_time": 253.56736302375793}, "21": {"global_step": 2877, "best_epoch": 18, "acc": 0.7914692163467407, "best_acc": 0.7946287393569946, "loss": 1493.1986843211228, "epoch_time": 249.3230118751526}, "22": {"global_step": 3014, "best_epoch": 18, "acc": 0.789889395236969, "best_acc": 0.7946287393569946, "loss": 1443.4517463982777, "epoch_time": 249.69351172447205}, "23": {"global_step": 3151, "best_epoch": 18, "acc": 0.7877830266952515, "best_acc": 0.7946287393569946, "loss": 1396.9827985845268, "epoch_time": 249.34117341041565}, "24": {"global_step": 3288, "best_epoch": 18, "acc": 0.7798841595649719, "best_acc": 0.7946287393569946, "loss": 1353.8228455703625, "epoch_time": 249.41847252845764}, "25": {"global_step": 3425, "best_epoch": 18, "acc": 0.7819905281066895, "best_acc": 0.7946287393569946, "loss": 1313.9228025160742, "epoch_time": 249.27911257743835}, "26": {"global_step": 3562, "best_epoch": 18, "acc": 0.7804107666015625, "best_acc": 0.7946287393569946, "loss": 1277.2966254618248, "epoch_time": 249.5834379196167}, "27": {"global_step": 3699, "best_epoch": 27, "acc": 0.8009478449821472, "best_acc": 0.8009478449821472, "loss": 1242.4572836779748, "epoch_time": 249.46585202217102}, "28": {"global_step": 3836, "best_epoch": 27, "acc": 0.7904160022735596, "best_acc": 0.8009478449821472, "loss": 1209.8010381195418, "epoch_time": 249.28198337554932}, "29": {"global_step": 3973, "best_epoch": 27, "acc": 0.7777777910232544, "best_acc": 0.8009478449821472, "loss": 1179.4305091318304, "epoch_time": 240.25988745689392}, "30": {"global_step": 4110, "best_epoch": 27, "acc": 0.7862032651901245, "best_acc": 0.8009478449821472, "loss": 1150.3028427718039, "epoch_time": 237.15540838241577}, "31": {"global_step": 4247, "best_epoch": 31, "acc": 0.8014744520187378, "best_acc": 0.8014744520187378, "loss": 1122.4112214011418, "epoch_time": 238.40903043746948}, "32": {"global_step": 4384, "best_epoch": 31, "acc": 0.7967351078987122, "best_acc": 0.8014744520187378, "loss": 1095.468864508789, "epoch_time": 238.57833909988403}, "33": {"global_step": 4521, "best_epoch": 31, "acc": 0.7830436825752258, "best_acc": 0.8014744520187378, "loss": 1069.8920241999062, "epoch_time": 241.78727531433105}, "34": {"global_step": 4658, "best_epoch": 31, "acc": 0.7872564792633057, "best_acc": 0.8014744520187378, "loss": 1045.4975859239512, "epoch_time": 244.12768816947937}, "35": {"global_step": 4795, "best_epoch": 31, "acc": 0.78251713514328, "best_acc": 0.8014744520187378, "loss": 1022.645061056159, "epoch_time": 245.72831296920776}, "36": {"global_step": 4932, "best_epoch": 31, "acc": 0.7967351078987122, "best_acc": 0.8014744520187378, "loss": 1001.0232096669738, "epoch_time": 246.04946494102478}, "37": {"global_step": 5069, "best_epoch": 31, "acc": 0.7846235036849976, "best_acc": 0.8014744520187378, "loss": 980.3605956308797, "epoch_time": 245.77469444274902}, "38": {"global_step": 5206, "best_epoch": 31, "acc": 0.7740916013717651, "best_acc": 0.8014744520187378, "loss": 960.6888179947586, "epoch_time": 245.47867155075073}, "39": {"global_step": 5343, "best_epoch": 31, "acc": 0.7946287393569946, "best_acc": 0.8014744520187378, "loss": 942.0577807289908, "epoch_time": 245.36029720306396}, "40": {"global_step": 5480, "best_epoch": 31, "acc": 0.7977883219718933, "best_acc": 0.8014744520187378, "loss": 924.1838072296476, "epoch_time": 245.62673234939575}, "41": {"global_step": 5617, "best_epoch": 31, "acc": 0.78251713514328, "best_acc": 0.8014744520187378, "loss": 907.2204022250482, "epoch_time": 245.31552815437317}, "42": {"global_step": 5754, "best_epoch": 31, "acc": 0.7830436825752258, "best_acc": 0.8014744520187378, "loss": 891.0047215172347, "epoch_time": 246.29873037338257}, "43": {"global_step": 5891, "best_epoch": 31, "acc": 0.7830436825752258, "best_acc": 0.8014744520187378, "loss": 875.4623447302303, "epoch_time": 246.21769261360168}, "44": {"global_step": 6028, "best_epoch": 31, "acc": 0.7830436825752258, "best_acc": 0.8014744520187378, "loss": 860.5053558374923, "epoch_time": 245.373925447464}, "45": {"global_step": 6165, "best_epoch": 31, "acc": 0.7846235036849976, "best_acc": 0.8014744520187378, "loss": 846.1851437818492, "epoch_time": 245.79120135307312}, "46": {"global_step": 6302, "best_epoch": 31, "acc": 0.7804107666015625, "best_acc": 0.8014744520187378, "loss": 832.3615749253806, "epoch_time": 245.99087023735046}, "47": {"global_step": 6439, "best_epoch": 31, "acc": 0.7709320783615112, "best_acc": 0.8014744520187378, "loss": 819.2095175498871, "epoch_time": 245.4298553466797}, "48": {"global_step": 6576, "best_epoch": 31, "acc": 0.7998946905136108, "best_acc": 0.8014744520187378, "loss": 806.3275225191511, "epoch_time": 245.76826333999634},