{"1": {"global_step": 400, "best_epoch": 1, "acc": 0.5960999131202698, "best_acc": 0.5960999131202698, "loss": 2577.3054187011717, "epoch_time": 645.0247709751129}, "2": {"global_step": 800, "best_epoch": 2, "acc": 0.6466049551963806, "best_acc": 0.6466049551963806, "loss": 2487.268472290039, "epoch_time": 643.6670496463776}, "3": {"global_step": 1200, "best_epoch": 3, "acc": 0.6858866214752197, "best_acc": 0.6858866214752197, "loss": 2423.0364556884765, "epoch_time": 642.8938343524933}, "4": {"global_step": 1600, "best_epoch": 4, "acc": 0.7185746431350708, "best_acc": 0.7185746431350708, "loss": 2362.8574690246583, "epoch_time": 643.8318176269531}, "5": {"global_step": 2000, "best_epoch": 5, "acc": 0.729938268661499, "best_acc": 0.729938268661499, "loss": 2305.671118347168, "epoch_time": 644.5450417995453}, "6": {"global_step": 2400, "best_epoch": 6, "acc": 0.7477553486824036, "best_acc": 0.7477553486824036, "loss": 2249.003683420817, "epoch_time": 643.8680322170258}, "7": {"global_step": 2800, "best_epoch": 7, "acc": 0.7662738561630249, "best_acc": 0.7662738561630249, "loss": 2164.702968183245, "epoch_time": 644.6343884468079}, "8": {"global_step": 3200, "best_epoch": 7, "acc": 0.7634680271148682, "best_acc": 0.7662738561630249, "loss": 1406.2874697875977, "epoch_time": 644.0972783565521}, "9": {"global_step": 3600, "best_epoch": 9, "acc": 0.7680976390838623, "best_acc": 0.7680976390838623, "loss": 1300.4584442901612, "epoch_time": 642.8739573955536}, "10": {"global_step": 4000, "best_epoch": 10, "acc": 0.7822670936584473, "best_acc": 0.7822670936584473, "loss": 1209.2872928873699, "epoch_time": 642.5591142177582}, "11": {"global_step": 4400, "best_epoch": 10, "acc": 0.776374876499176, "best_acc": 0.7822670936584473, "loss": 1133.2402309417726, "epoch_time": 643.8522443771362}, "12": {"global_step": 4800, "best_epoch": 10, "acc": 0.7798821330070496, "best_acc": 0.7822670936584473, "loss": 1065.7779382781982, "epoch_time": 643.322690486908}, "13": {"global_step": 5200, "best_epoch": 13, "acc": 0.7826879620552063, "best_acc": 0.7826879620552063, "loss": 1011.0521693929037, "epoch_time": 643.1408545970917}, "14": {"global_step": 5600, "best_epoch": 14, "acc": 0.7895622849464417, "best_acc": 0.7895622849464417, "loss": 961.8105372837612, "epoch_time": 644.0207600593567}, "15": {"global_step": 6000, "best_epoch": 14, "acc": 0.7867564558982849, "best_acc": 0.7895622849464417, "loss": 919.6262840747834, "epoch_time": 643.2939567565918}, "16": {"global_step": 6400, "best_epoch": 14, "acc": 0.7877385020256042, "best_acc": 0.7895622849464417, "loss": 881.7457870229085, "epoch_time": 643.446183681488}, "17": {"global_step": 6800, "best_epoch": 14, "acc": 0.7826879620552063, "best_acc": 0.7895622849464417, "loss": 553.9346410369873, "epoch_time": 642.3451759815216}, "18": {"global_step": 7200, "best_epoch": 14, "acc": 0.775954008102417, "best_acc": 0.7895622849464417, "loss": 546.0019553375245, "epoch_time": 642.974523305893}, "19": {"global_step": 7600, "best_epoch": 14, "acc": 0.7864758968353271, "best_acc": 0.7895622849464417, "loss": 534.4542893981934, "epoch_time": 642.7011225223541}, "20": {"global_step": 8000, "best_epoch": 14, "acc": 0.7873176336288452, "best_acc": 0.7895622849464417, "loss": 527.2569761371612, "epoch_time": 643.5324552059174}, "21": {"global_step": 8400, "best_epoch": 14, "acc": 0.7780583500862122, "best_acc": 0.7895622849464417, "loss": 507.7543577270508, "epoch_time": 640.6223797798157}, "22": {"global_step": 8800, "best_epoch": 14, "acc": 0.776374876499176, "best_acc": 0.7895622849464417, "loss": 489.9723992538452, "epoch_time": 641.3299117088318}, "23": {"global_step": 9200, "best_epoch": 14, "acc": 0.7857744097709656, "best_acc": 0.7895622849464417, "loss": 476.9122967529297, "epoch_time": 642.833425283432}, "24": {"global_step": 9600, "best_epoch": 14, "acc": 0.7833894491195679, "best_acc": 0.7895622849464417, "loss": 466.40919579982756, "epoch_time": 641.6555421352386}, "25": {"global_step": 10000, "best_epoch": 14, "acc": 0.7843714952468872, "best_acc": 0.7895622849464417, "loss": 457.19294581519233, "epoch_time": 647.4375841617584}, "26": {"global_step": 10400, "best_epoch": 14, "acc": 0.7810044884681702, "best_acc": 0.7895622849464417, "loss": 449.9496757469177, "epoch_time": 650.916002035141}, "27": {"global_step": 10800, "best_epoch": 14, "acc": 0.7853535413742065, "best_acc": 0.7895622849464417, "loss": 443.1366256505793, "epoch_time": 649.6851589679718}, "28": {"global_step": 11200, "best_epoch": 14, "acc": 0.7769360542297363, "best_acc": 0.7895622849464417, "loss": 373.67265090942385, "epoch_time": 648.5532119274139}, "29": {"global_step": 11600, "best_epoch": 14, "acc": 0.7742704749107361, "best_acc": 0.7895622849464417, "loss": 369.40078495025637, "epoch_time": 646.0980863571167}, "30": {"global_step": 12000, "best_epoch": 14, "acc": 0.7769360542297363, "best_acc": 0.7895622849464417, "loss": 371.00966361999514, "epoch_time": 645.2095847129822}, "31": {"global_step": 12400, "best_epoch": 14, "acc": 0.7866161465644836, "best_acc": 0.7895622849464417, "loss": 362.92216965675357, "epoch_time": 638.7679381370544}, "32": {"global_step": 12800, "best_epoch": 14, "acc": 0.7742704749107361, "best_acc": 0.7895622849464417, "loss": 355.8643232421875, "epoch_time": 641.5614705085754}, "33": {"global_step": 13200, "best_epoch": 14, "acc": 0.7762345671653748, "best_acc": 0.7895622849464417, "loss": 350.445634021759, "epoch_time": 640.7030231952667}, "34": {"global_step": 13600, "best_epoch": 14, "acc": 0.7852132320404053, "best_acc": 0.7895622849464417, "loss": 344.46965880257744, "epoch_time": 639.3539502620697}, "35": {"global_step": 14000, "best_epoch": 14, "acc": 0.7803030014038086, "best_acc": 0.7895622849464417, "loss": 340.93303166389467, "epoch_time": 639.3801951408386}, "36": {"global_step": 14400, "best_epoch": 14, "acc": 0.7779180407524109, "best_acc": 0.7895622849464417, "loss": 337.84797428131105, "epoch_time": 639.4230465888977}, "37": {"global_step": 14800, "best_epoch": 14, "acc": 0.7801627516746521, "best_acc": 0.7895622849464417, "loss": 335.4801781349182, "epoch_time": 641.2098314762115}, "38": {"global_step": 15200, "best_epoch": 14, "acc": 0.7824074029922485, "best_acc": 0.7895622849464417, "loss": 333.2586462367665, "epoch_time": 642.4350793361664}, "39": {"global_step": 15600, "best_epoch": 14, "acc": 0.7791807055473328, "best_acc": 0.7895622849464417, "loss": 331.2196797943115, "epoch_time": 642.9626040458679}, "40": {"global_step": 16000, "best_epoch": 14, "acc": 0.7758136987686157, "best_acc": 0.7895622849464417, "loss": 329.78780531076285, "epoch_time": 642.6809787750244}, "41": {"global_step": 16400, "best_epoch": 14, "acc": 0.7756733894348145, "best_acc": 0.7895622849464417, "loss": 327.78845210347856, "epoch_time": 642.6644906997681}, "42": {"global_step": 16800, "best_epoch": 14, "acc": 0.7791807055473328, "best_acc": 0.7895622849464417, "loss": 326.0654984296163, "epoch_time": 642.7139654159546}, "43": {"global_step": 17200, "best_epoch": 14, "acc": 0.7692199945449829, "best_acc": 0.7895622849464417, "loss": 324.9459650456905, "epoch_time": 643.6812677383423}, "44": {"global_step": 17600, "best_epoch": 14, "acc": 0.7812850475311279, "best_acc": 0.7895622849464417, "loss": 324.00027280134316, "epoch_time": 642.3924663066864}, "45": {"global_step": 18000, "best_epoch": 14, "acc": 0.7804433107376099, "best_acc": 0.7895622849464417, "loss": 322.6612702316708, "epoch_time": 643.3466708660126}, "46": {"global_step": 18400, "best_epoch": 14, "acc": 0.7808641791343689, "best_acc": 0.7895622849464417, "loss": 321.54815628955237, "epoch_time": 642.5850598812103}, "47": {"global_step": 18800, "best_epoch": 14, "acc": 0.7685185074806213, "best_acc": 0.7895622849464417, "loss": 320.75683431243897, "epoch_time": 641.424396276474}, "48": {"global_step": 19200, "best_epoch": 14, "acc": 0.7745510935783386, "best_acc": 0.7895622849464417, "loss": 319.7147480655852, "epoch_time": 640.8044722080231},