{"1": {"global_step": 399, "best_epoch": 1, "acc": 0.6176180243492126, "best_acc": 0.6176180243492126, "loss": 2560.991750004895, "epoch_time": 661.3355975151062}, "2": {"global_step": 798, "best_epoch": 2, "acc": 0.6785060167312622, "best_acc": 0.6785060167312622, "loss": 2448.49196508116, "epoch_time": 645.5493657588959}, "3": {"global_step": 1197, "best_epoch": 3, "acc": 0.7206483483314514, "best_acc": 0.7206483483314514, "loss": 2366.866554610811, "epoch_time": 643.0842502117157}, "4": {"global_step": 1596, "best_epoch": 4, "acc": 0.7471458911895752, "best_acc": 0.7471458911895752, "loss": 2286.7857162743285, "epoch_time": 642.5242836475372}, "5": {"global_step": 1995, "best_epoch": 5, "acc": 0.7585623860359192, "best_acc": 0.7585623860359192, "loss": 2208.591386853364, "epoch_time": 642.7056465148926}, "6": {"global_step": 2394, "best_epoch": 6, "acc": 0.7833685874938965, "best_acc": 0.7833685874938965, "loss": 2126.299912939494, "epoch_time": 644.477774143219}, "7": {"global_step": 2793, "best_epoch": 7, "acc": 0.8147991299629211, "best_acc": 0.8147991299629211, "loss": 2002.0391262012104, "epoch_time": 643.5726871490479}, "8": {"global_step": 3192, "best_epoch": 7, "acc": 0.8109936714172363, "best_acc": 0.8147991299629211, "loss": 1871.915979638733, "epoch_time": 644.0236663818359}, "9": {"global_step": 3591, "best_epoch": 9, "acc": 0.8257927894592285, "best_acc": 0.8257927894592285, "loss": 1749.6472376093363, "epoch_time": 643.9170513153076}, "10": {"global_step": 3990, "best_epoch": 9, "acc": 0.8245242834091187, "best_acc": 0.8257927894592285, "loss": 1638.5051481242167, "epoch_time": 642.3271758556366}, "11": {"global_step": 4389, "best_epoch": 9, "acc": 0.8140944242477417, "best_acc": 0.8257927894592285, "loss": 1541.0025385076349, "epoch_time": 643.4451768398285}, "12": {"global_step": 4788, "best_epoch": 9, "acc": 0.8221282362937927, "best_acc": 0.8257927894592285, "loss": 1455.397543210035, "epoch_time": 642.135591506958}, "13": {"global_step": 5187, "best_epoch": 13, "acc": 0.8303030133247375, "best_acc": 0.8303030133247375, "loss": 1379.1127082173111, "epoch_time": 641.877926826477}, "14": {"global_step": 5586, "best_epoch": 13, "acc": 0.828470766544342, "best_acc": 0.8303030133247375, "loss": 1311.2273047147069, "epoch_time": 643.4474604129791}, "15": {"global_step": 5985, "best_epoch": 13, "acc": 0.8266384601593018, "best_acc": 0.8303030133247375, "loss": 1252.1088112482948, "epoch_time": 644.267819404602}, "16": {"global_step": 6384, "best_epoch": 13, "acc": 0.8215644955635071, "best_acc": 0.8303030133247375, "loss": 1198.7775569930113, "epoch_time": 643.7517132759094}, "17": {"global_step": 6783, "best_epoch": 13, "acc": 0.823960542678833, "best_acc": 0.8303030133247375, "loss": 1151.1839038928174, "epoch_time": 642.5185413360596}, "18": {"global_step": 7182, "best_epoch": 13, "acc": 0.8298801779747009, "best_acc": 0.8303030133247375, "loss": 1108.1101558199834, "epoch_time": 641.9866170883179}, "19": {"global_step": 7581, "best_epoch": 13, "acc": 0.8236786723136902, "best_acc": 0.8303030133247375, "loss": 1069.1957533906434, "epoch_time": 641.6974291801453}, "20": {"global_step": 7980, "best_epoch": 13, "acc": 0.8147991299629211, "best_acc": 0.8303030133247375, "loss": 356.5868071744914, "epoch_time": 642.4729716777802}, "21": {"global_step": 8379, "best_epoch": 13, "acc": 0.8266384601593018, "best_acc": 0.8303030133247375, "loss": 331.49641116340655, "epoch_time": 639.7856802940369}, "22": {"global_step": 8778, "best_epoch": 22, "acc": 0.8339675664901733, "best_acc": 0.8339675664901733, "loss": 319.117974290075, "epoch_time": 638.9013004302979}, "23": {"global_step": 9177, "best_epoch": 23, "acc": 0.8352360725402832, "best_acc": 0.8352360725402832, "loss": 313.18677520751953, "epoch_time": 640.9801061153412}, "24": {"global_step": 9576, "best_epoch": 23, "acc": 0.817054271697998, "best_acc": 0.8352360725402832, "loss": 286.34481358348876, "epoch_time": 644.724020242691}, "25": {"global_step": 9975, "best_epoch": 23, "acc": 0.8252290487289429, "best_acc": 0.8352360725402832, "loss": 286.95548110617733, "epoch_time": 644.2577803134918}, "26": {"global_step": 10374, "best_epoch": 23, "acc": 0.8315715193748474, "best_acc": 0.8352360725402832, "loss": 285.2004695819036, "epoch_time": 646.1193671226501}, "27": {"global_step": 10773, "best_epoch": 27, "acc": 0.8365045785903931, "best_acc": 0.8365045785903931, "loss": 285.9574408280222, "epoch_time": 647.7900288105011}, "28": {"global_step": 11172, "best_epoch": 27, "acc": 0.8281888365745544, "best_acc": 0.8365045785903931, "loss": 285.61207742332516, "epoch_time": 648.4851424694061}, "29": {"global_step": 11571, "best_epoch": 27, "acc": 0.8200141191482544, "best_acc": 0.8365045785903931, "loss": 285.34219244030385, "epoch_time": 641.8949518203735}, "30": {"global_step": 11970, "best_epoch": 27, "acc": 0.8162086009979248, "best_acc": 0.8365045785903931, "loss": 279.79097342431396, "epoch_time": 641.9686012268066}, "31": {"global_step": 12369, "best_epoch": 27, "acc": 0.8269203901290894, "best_acc": 0.8365045785903931, "loss": 266.2022123695316, "epoch_time": 638.374434709549}, "32": {"global_step": 12768, "best_epoch": 27, "acc": 0.831994354724884, "best_acc": 0.8365045785903931, "loss": 260.53645500622895, "epoch_time": 641.0148882865906}, "33": {"global_step": 13167, "best_epoch": 33, "acc": 0.8381959199905396, "best_acc": 0.8381959199905396, "loss": 255.75658909121253, "epoch_time": 642.0567944049835}, "34": {"global_step": 13566, "best_epoch": 33, "acc": 0.8235377073287964, "best_acc": 0.8381959199905396, "loss": 252.3759170035073, "epoch_time": 641.8308939933777}, "35": {"global_step": 13965, "best_epoch": 33, "acc": 0.822973906993866, "best_acc": 0.8381959199905396, "loss": 251.0223188503842, "epoch_time": 642.0562090873718}, "36": {"global_step": 14364, "best_epoch": 33, "acc": 0.8245242834091187, "best_acc": 0.8381959199905396, "loss": 249.0089943841756, "epoch_time": 642.0852673053741}, "37": {"global_step": 14763, "best_epoch": 33, "acc": 0.8176180124282837, "best_acc": 0.8381959199905396, "loss": 247.31654015639074, "epoch_time": 643.2706956863403}, "38": {"global_step": 15162, "best_epoch": 33, "acc": 0.813530683517456, "best_acc": 0.8381959199905396, "loss": 233.2087078811531, "epoch_time": 641.7298488616943}, "39": {"global_step": 15561, "best_epoch": 33, "acc": 0.8187456130981445, "best_acc": 0.8381959199905396, "loss": 234.84945866577607, "epoch_time": 641.8488960266113}, "40": {"global_step": 15960, "best_epoch": 33, "acc": 0.8311486840248108, "best_acc": 0.8381959199905396, "loss": 235.26785462840758, "epoch_time": 642.0131206512451}, "41": {"global_step": 16359, "best_epoch": 33, "acc": 0.8162086009979248, "best_acc": 0.8381959199905396, "loss": 233.86424196095095, "epoch_time": 639.2212891578674}, "42": {"global_step": 16758, "best_epoch": 33, "acc": 0.8142353892326355, "best_acc": 0.8381959199905396, "loss": 232.35775856266642, "epoch_time": 640.5358979701996}, "43": {"global_step": 17157, "best_epoch": 33, "acc": 0.8191684484481812, "best_acc": 0.8381959199905396, "loss": 230.4853967461072, "epoch_time": 636.6838212013245}, "44": {"global_step": 17556, "best_epoch": 33, "acc": 0.8336856961250305, "best_acc": 0.8381959199905396, "loss": 231.75533257072533, "epoch_time": 636.0793478488922}, "45": {"global_step": 17955, "best_epoch": 33, "acc": 0.8342494964599609, "best_acc": 0.8381959199905396, "loss": 231.24960036026803, "epoch_time": 636.6327629089355}, "46": {"global_step": 18354, "best_epoch": 33, "acc": 0.819450318813324, "best_acc": 0.8381959199905396, "loss": 230.3644115878227, "epoch_time": 639.7616720199585}, "47": {"global_step": 18753, "best_epoch": 33, "acc": 0.8241015076637268, "best_acc": 0.8381959199905396, "loss": 230.82775967660902, "epoch_time": 638.3391580581665}, "48": {"global_step": 19152, "best_epoch": 33, "acc": 0.8225510716438293, "best_acc": 0.8381959199905396, "loss": 231.1969848671055, "epoch_time": 636.2899169921875},