{"1": {"global_step": 137, "best_epoch": 1, "acc": 0.5729331374168396, "best_acc": 0.5729331374168396, "loss": 3084.6974687785128, "epoch_time": 241.46680974960327}, "2": {"global_step": 274, "best_epoch": 1, "acc": 0.5676671862602234, "best_acc": 0.5729331374168396, "loss": 2794.7907821766653, "epoch_time": 239.98353624343872}, "3": {"global_step": 411, "best_epoch": 1, "acc": 0.5713533163070679, "best_acc": 0.5729331374168396, "loss": 2692.3999243223466, "epoch_time": 239.5672116279602}, "4": {"global_step": 548, "best_epoch": 4, "acc": 0.5845181941986084, "best_acc": 0.5845181941986084, "loss": 2638.027437307539, "epoch_time": 240.0050573348999}, "5": {"global_step": 685, "best_epoch": 4, "acc": 0.5676671862602234, "best_acc": 0.5845181941986084, "loss": 2603.703101120552, "epoch_time": 239.56585359573364}, "6": {"global_step": 822, "best_epoch": 4, "acc": 0.5813586115837097, "best_acc": 0.5845181941986084, "loss": 2581.857655917351, "epoch_time": 239.73926067352295}, "7": {"global_step": 959, "best_epoch": 7, "acc": 0.5913638472557068, "best_acc": 0.5913638472557068, "loss": 2563.428044196836, "epoch_time": 240.14166116714478}, "8": {"global_step": 1096, "best_epoch": 8, "acc": 0.5939968228340149, "best_acc": 0.5939968228340149, "loss": 2441.4829796561357, "epoch_time": 239.66949725151062}, "9": {"global_step": 1233, "best_epoch": 9, "acc": 0.6061084866523743, "best_acc": 0.6061084866523743, "loss": 2439.008683921647, "epoch_time": 238.90488815307617}, "10": {"global_step": 1370, "best_epoch": 10, "acc": 0.6076882481575012, "best_acc": 0.6076882481575012, "loss": 2432.851209060409, "epoch_time": 238.92072987556458}, "11": {"global_step": 1507, "best_epoch": 11, "acc": 0.6261190176010132, "best_acc": 0.6261190176010132, "loss": 2429.714146078068, "epoch_time": 236.75433683395386}, "12": {"global_step": 1644, "best_epoch": 11, "acc": 0.595050036907196, "best_acc": 0.6261190176010132, "loss": 2425.671120480725, "epoch_time": 237.74630546569824}, "13": {"global_step": 1781, "best_epoch": 11, "acc": 0.6013691425323486, "best_acc": 0.6261190176010132, "loss": 2422.93781839264, "epoch_time": 236.55415153503418}, "14": {"global_step": 1918, "best_epoch": 11, "acc": 0.6082148551940918, "best_acc": 0.6261190176010132, "loss": 2419.856348318154, "epoch_time": 237.90662288665771}, "15": {"global_step": 2055, "best_epoch": 11, "acc": 0.6203264594078064, "best_acc": 0.6261190176010132, "loss": 2414.4843039408215, "epoch_time": 238.53309082984924}, "16": {"global_step": 2192, "best_epoch": 11, "acc": 0.61927330493927, "best_acc": 0.6261190176010132, "loss": 2409.1767261316404, "epoch_time": 238.20406770706177}, "17": {"global_step": 2329, "best_epoch": 11, "acc": 0.6234860420227051, "best_acc": 0.6261190176010132, "loss": 2402.7170461835653, "epoch_time": 237.46726393699646}, "18": {"global_step": 2466, "best_epoch": 18, "acc": 0.6408635973930359, "best_acc": 0.6408635973930359, "loss": 2398.558683338431, "epoch_time": 236.71693444252014}, "19": {"global_step": 2603, "best_epoch": 18, "acc": 0.6255924105644226, "best_acc": 0.6408635973930359, "loss": 2392.038540285579, "epoch_time": 237.7855544090271}, "20": {"global_step": 2740, "best_epoch": 18, "acc": 0.6171669363975525, "best_acc": 0.6408635973930359, "loss": 2385.6739196263293, "epoch_time": 237.06923818588257}, "21": {"global_step": 2877, "best_epoch": 18, "acc": 0.6234860420227051, "best_acc": 0.6408635973930359, "loss": 2376.389742249617, "epoch_time": 238.2057032585144}, "22": {"global_step": 3014, "best_epoch": 18, "acc": 0.6408635973930359, "best_acc": 0.6408635973930359, "loss": 2366.947762341279, "epoch_time": 237.03518772125244}, "23": {"global_step": 3151, "best_epoch": 23, "acc": 0.641916811466217, "best_acc": 0.641916811466217, "loss": 2357.279002781332, "epoch_time": 237.6195685863495}, "24": {"global_step": 3288, "best_epoch": 24, "acc": 0.661927342414856, "best_acc": 0.661927342414856, "loss": 2348.937029381994, "epoch_time": 236.86661911010742}, "25": {"global_step": 3425, "best_epoch": 24, "acc": 0.6213796734809875, "best_acc": 0.661927342414856, "loss": 2340.0831479013013, "epoch_time": 238.29497456550598}, "26": {"global_step": 3562, "best_epoch": 24, "acc": 0.6545550227165222, "best_acc": 0.661927342414856, "loss": 2332.428580285218, "epoch_time": 236.89318919181824}, "27": {"global_step": 3699, "best_epoch": 24, "acc": 0.6282253861427307, "best_acc": 0.661927342414856, "loss": 2323.7626536125686, "epoch_time": 237.1647047996521}, "28": {"global_step": 3836, "best_epoch": 24, "acc": 0.6456029415130615, "best_acc": 0.661927342414856, "loss": 2314.812564747757, "epoch_time": 238.94484949111938}, "29": {"global_step": 3973, "best_epoch": 24, "acc": 0.641916811466217, "best_acc": 0.661927342414856, "loss": 2305.9714254621013, "epoch_time": 238.158029794693}, "30": {"global_step": 4110, "best_epoch": 24, "acc": 0.645076334476471, "best_acc": 0.661927342414856, "loss": 2302.644824396955, "epoch_time": 238.1562159061432}, "31": {"global_step": 4247, "best_epoch": 24, "acc": 0.6587677597999573, "best_acc": 0.661927342414856, "loss": 2294.9698028193193, "epoch_time": 238.64100575447083}, "32": {"global_step": 4384, "best_epoch": 24, "acc": 0.6561347842216492, "best_acc": 0.661927342414856, "loss": 2287.1577176950273, "epoch_time": 237.60197496414185}, "33": {"global_step": 4521, "best_epoch": 33, "acc": 0.6629804968833923, "best_acc": 0.6629804968833923, "loss": 2279.1116531432044, "epoch_time": 237.11681365966797}, "34": {"global_step": 4658, "best_epoch": 33, "acc": 0.6598209738731384, "best_acc": 0.6629804968833923, "loss": 2271.151549154438, "epoch_time": 238.91560864448547}, "35": {"global_step": 4795, "best_epoch": 35, "acc": 0.6708794236183167, "best_acc": 0.6708794236183167, "loss": 2263.6383266667754, "epoch_time": 238.08336210250854}, "36": {"global_step": 4932, "best_epoch": 35, "acc": 0.6498156785964966, "best_acc": 0.6708794236183167, "loss": 2256.310248166825, "epoch_time": 237.38761854171753}, "37": {"global_step": 5069, "best_epoch": 35, "acc": 0.6482359170913696, "best_acc": 0.6708794236183167, "loss": 2249.2411815931036, "epoch_time": 238.28676891326904}, "38": {"global_step": 5206, "best_epoch": 35, "acc": 0.6440231800079346, "best_acc": 0.6708794236183167, "loss": 2242.2360211815417, "epoch_time": 238.25344014167786}, "39": {"global_step": 5343, "best_epoch": 35, "acc": 0.6650868654251099, "best_acc": 0.6708794236183167, "loss": 2235.332728977621, "epoch_time": 238.32027411460876}, "40": {"global_step": 5480, "best_epoch": 35, "acc": 0.6382306218147278, "best_acc": 0.6708794236183167, "loss": 2228.6552024525736, "epoch_time": 237.7567572593689}, "41": {"global_step": 5617, "best_epoch": 35, "acc": 0.6456029415130615, "best_acc": 0.6708794236183167, "loss": 2222.24430425897, "epoch_time": 238.06823801994324}, "42": {"global_step": 5754, "best_epoch": 35, "acc": 0.6666666865348816, "best_acc": 0.6708794236183167, "loss": 2215.761760220811, "epoch_time": 237.67672872543335}, "43": {"global_step": 5891, "best_epoch": 35, "acc": 0.6445497870445251, "best_acc": 0.6708794236183167, "loss": 2209.310281349795, "epoch_time": 239.151752948761}, "44": {"global_step": 6028, "best_epoch": 35, "acc": 0.6466561555862427, "best_acc": 0.6708794236183167, "loss": 2203.2100588779144, "epoch_time": 238.02428674697876}, "45": {"global_step": 6165, "best_epoch": 35, "acc": 0.6577146053314209, "best_acc": 0.6708794236183167, "loss": 2197.3492445709426, "epoch_time": 237.25511121749878}, "46": {"global_step": 6302, "best_epoch": 35, "acc": 0.6545550227165222, "best_acc": 0.6708794236183167, "loss": 2191.5587362453284, "epoch_time": 238.2906985282898}, "47": {"global_step": 6439, "best_epoch": 35, "acc": 0.6608741283416748, "best_acc": 0.6708794236183167, "loss": 2185.655107684727, "epoch_time": 237.7992067337036}, "48": {"global_step": 6576, "best_epoch": 35, "acc": 0.6508688926696777, "best_acc": 0.6708794236183167, "loss": 2179.9348059992612, "epoch_time": 238.22455143928528},