{"1": {"global_step": 137, "best_epoch": 1, "acc": 0.5729331374168396, "best_acc": 0.5729331374168396, "loss": 3084.6974687785128, "epoch_time": 250.92908573150635}, "2": {"global_step": 274, "best_epoch": 1, "acc": 0.5676671862602234, "best_acc": 0.5729331374168396, "loss": 2794.7907821766653, "epoch_time": 253.72138357162476}, "3": {"global_step": 411, "best_epoch": 1, "acc": 0.5713533163070679, "best_acc": 0.5729331374168396, "loss": 2692.3999243223466, "epoch_time": 249.51059865951538}, "4": {"global_step": 548, "best_epoch": 4, "acc": 0.5845181941986084, "best_acc": 0.5845181941986084, "loss": 2638.027437307539, "epoch_time": 251.6346731185913}, "5": {"global_step": 685, "best_epoch": 4, "acc": 0.5676671862602234, "best_acc": 0.5845181941986084, "loss": 2603.703101120552, "epoch_time": 253.4428904056549}, "6": {"global_step": 822, "best_epoch": 4, "acc": 0.5813586115837097, "best_acc": 0.5845181941986084, "loss": 2581.857655917351, "epoch_time": 249.35544419288635}, "7": {"global_step": 959, "best_epoch": 7, "acc": 0.5913638472557068, "best_acc": 0.5913638472557068, "loss": 2563.428044196836, "epoch_time": 255.77501511573792}, "8": {"global_step": 1096, "best_epoch": 7, "acc": 0.5839915871620178, "best_acc": 0.5913638472557068, "loss": 2548.594797176166, "epoch_time": 247.6527659893036}, "9": {"global_step": 1233, "best_epoch": 7, "acc": 0.5876777172088623, "best_acc": 0.5913638472557068, "loss": 2535.772784676285, "epoch_time": 255.84725999832153}, "10": {"global_step": 1370, "best_epoch": 7, "acc": 0.5913638472557068, "best_acc": 0.5913638472557068, "loss": 2524.9837981509468, "epoch_time": 249.4656584262848}, "11": {"global_step": 1507, "best_epoch": 11, "acc": 0.620853066444397, "best_acc": 0.620853066444397, "loss": 2515.6977390018455, "epoch_time": 254.843736410141}, "12": {"global_step": 1644, "best_epoch": 11, "acc": 0.6176935434341431, "best_acc": 0.620853066444397, "loss": 2506.5931299956756, "epoch_time": 248.31680417060852}, "13": {"global_step": 1781, "best_epoch": 11, "acc": 0.6161137223243713, "best_acc": 0.620853066444397, "loss": 2498.660857965811, "epoch_time": 254.46382784843445}, "14": {"global_step": 1918, "best_epoch": 14, "acc": 0.6292785406112671, "best_acc": 0.6292785406112671, "loss": 2491.252331937565, "epoch_time": 251.80224561691284}, "15": {"global_step": 2055, "best_epoch": 15, "acc": 0.6308583617210388, "best_acc": 0.6308583617210388, "loss": 2483.464273732132, "epoch_time": 240.66420555114746}, "16": {"global_step": 2192, "best_epoch": 15, "acc": 0.6066350936889648, "best_acc": 0.6308583617210388, "loss": 2475.4238520712747, "epoch_time": 236.41855311393738}, "17": {"global_step": 2329, "best_epoch": 15, "acc": 0.6271721720695496, "best_acc": 0.6308583617210388, "loss": 2467.8240510278015, "epoch_time": 236.44402956962585}, "18": {"global_step": 2466, "best_epoch": 18, "acc": 0.6324381232261658, "best_acc": 0.6324381232261658, "loss": 2317.2343179744526, "epoch_time": 238.46428561210632}, "19": {"global_step": 2603, "best_epoch": 19, "acc": 0.6392838358879089, "best_acc": 0.6392838358879089, "loss": 2309.785241788321, "epoch_time": 234.86479496955872}, "20": {"global_step": 2740, "best_epoch": 19, "acc": 0.5829383730888367, "best_acc": 0.6392838358879089, "loss": 2324.8106781525626, "epoch_time": 235.03790259361267}, "21": {"global_step": 2877, "best_epoch": 19, "acc": 0.5945234298706055, "best_acc": 0.6392838358879089, "loss": 2347.1536375171077, "epoch_time": 235.3130316734314}, "22": {"global_step": 3014, "best_epoch": 19, "acc": 0.5808320045471191, "best_acc": 0.6392838358879089, "loss": 2358.7187710281705, "epoch_time": 235.61687707901}, "23": {"global_step": 3151, "best_epoch": 19, "acc": 0.595050036907196, "best_acc": 0.6392838358879089, "loss": 2367.0098069091205, "epoch_time": 235.9148976802826}, "24": {"global_step": 3288, "best_epoch": 19, "acc": 0.6145339608192444, "best_acc": 0.6392838358879089, "loss": 2371.8779118670163, "epoch_time": 236.11063146591187}, "25": {"global_step": 3425, "best_epoch": 19, "acc": 0.6092680096626282, "best_acc": 0.6392838358879089, "loss": 2369.340731210082, "epoch_time": 235.1218843460083}, "26": {"global_step": 3562, "best_epoch": 19, "acc": 0.6129541993141174, "best_acc": 0.6392838358879089, "loss": 2360.153966206027, "epoch_time": 235.2136092185974}, "27": {"global_step": 3699, "best_epoch": 19, "acc": 0.6361242532730103, "best_acc": 0.6392838358879089, "loss": 2351.0347014712593, "epoch_time": 235.06753635406494}, "28": {"global_step": 3836, "best_epoch": 28, "acc": 0.649289071559906, "best_acc": 0.649289071559906, "loss": 2340.859889525962, "epoch_time": 236.23670625686646}, "29": {"global_step": 3973, "best_epoch": 28, "acc": 0.6456029415130615, "best_acc": 0.649289071559906, "loss": 2330.485435690033, "epoch_time": 236.02566862106323}, "30": {"global_step": 4110, "best_epoch": 30, "acc": 0.6535018682479858, "best_acc": 0.6535018682479858, "loss": 2320.120310950989, "epoch_time": 235.95937752723694}, "31": {"global_step": 4247, "best_epoch": 30, "acc": 0.6440231800079346, "best_acc": 0.6535018682479858, "loss": 2309.3510459605545, "epoch_time": 235.86788749694824}, "32": {"global_step": 4384, "best_epoch": 32, "acc": 0.6687730550765991, "best_acc": 0.6687730550765991, "loss": 2298.175552969605, "epoch_time": 236.31275010108948}, "33": {"global_step": 4521, "best_epoch": 32, "acc": 0.6366508603096008, "best_acc": 0.6687730550765991, "loss": 2287.8114706443175, "epoch_time": 235.46861004829407}, "34": {"global_step": 4658, "best_epoch": 32, "acc": 0.647709310054779, "best_acc": 0.6687730550765991, "loss": 2278.5979401198206, "epoch_time": 236.5033040046692}, "35": {"global_step": 4795, "best_epoch": 32, "acc": 0.6582411527633667, "best_acc": 0.6687730550765991, "loss": 2269.3555412694677, "epoch_time": 235.5083830356598}, "36": {"global_step": 4932, "best_epoch": 32, "acc": 0.666140079498291, "best_acc": 0.6687730550765991, "loss": 2260.8465875368415, "epoch_time": 235.86839938163757}, "37": {"global_step": 5069, "best_epoch": 32, "acc": 0.6403369903564453, "best_acc": 0.6687730550765991, "loss": 2253.033178176323, "epoch_time": 235.789813041687}, "38": {"global_step": 5206, "best_epoch": 32, "acc": 0.6498156785964966, "best_acc": 0.6687730550765991, "loss": 2245.8474454167076, "epoch_time": 235.4872691631317}, "39": {"global_step": 5343, "best_epoch": 32, "acc": 0.6429699659347534, "best_acc": 0.6687730550765991, "loss": 2238.979741714771, "epoch_time": 236.25055384635925}, "40": {"global_step": 5480, "best_epoch": 32, "acc": 0.661927342414856, "best_acc": 0.6687730550765991, "loss": 2233.071254118856, "epoch_time": 235.87029385566711}, "41": {"global_step": 5617, "best_epoch": 32, "acc": 0.6550816297531128, "best_acc": 0.6687730550765991, "loss": 2226.9045879800246, "epoch_time": 235.77885389328003}, "42": {"global_step": 5754, "best_epoch": 32, "acc": 0.6524486541748047, "best_acc": 0.6687730550765991, "loss": 2220.973045948335, "epoch_time": 235.49604868888855}, "43": {"global_step": 5891, "best_epoch": 32, "acc": 0.6445497870445251, "best_acc": 0.6687730550765991, "loss": 2215.601047830726, "epoch_time": 235.7589373588562}, "44": {"global_step": 6028, "best_epoch": 32, "acc": 0.6466561555862427, "best_acc": 0.6687730550765991, "loss": 2210.3503889881554, "epoch_time": 235.27091574668884}, "45": {"global_step": 6165, "best_epoch": 32, "acc": 0.6550816297531128, "best_acc": 0.6687730550765991, "loss": 2204.977672716127, "epoch_time": 236.15169763565063}, "46": {"global_step": 6302, "best_epoch": 32, "acc": 0.6487625241279602, "best_acc": 0.6687730550765991, "loss": 2199.94889856507, "epoch_time": 235.58139491081238}, "47": {"global_step": 6439, "best_epoch": 32, "acc": 0.6635071039199829, "best_acc": 0.6687730550765991, "loss": 2195.2309386464512, "epoch_time": 235.08536958694458}, "48": {"global_step": 6576, "best_epoch": 32, "acc": 0.6582411527633667, "best_acc": 0.6687730550765991, "loss": 2190.4936183698605, "epoch_time": 235.60450220108032},