{"1": {"global_step": 399, "best_epoch": 1, "acc": 0.6176180243492126, "best_acc": 0.6176180243492126, "loss": 2560.991750004895, "epoch_time": 643.67125248909}, "2": {"global_step": 798, "best_epoch": 2, "acc": 0.6785060167312622, "best_acc": 0.6785060167312622, "loss": 2448.49196508116, "epoch_time": 641.607959985733}, "3": {"global_step": 1197, "best_epoch": 3, "acc": 0.7206483483314514, "best_acc": 0.7206483483314514, "loss": 2366.866554610811, "epoch_time": 639.6168653964996}, "4": {"global_step": 1596, "best_epoch": 4, "acc": 0.7471458911895752, "best_acc": 0.7471458911895752, "loss": 2286.7857162743285, "epoch_time": 639.9678089618683}, "5": {"global_step": 1995, "best_epoch": 5, "acc": 0.7585623860359192, "best_acc": 0.7585623860359192, "loss": 2208.591386853364, "epoch_time": 641.7112410068512}, "6": {"global_step": 2394, "best_epoch": 6, "acc": 0.7835094928741455, "best_acc": 0.7835094928741455, "loss": 1714.0687864681233, "epoch_time": 641.8362483978271}, "7": {"global_step": 2793, "best_epoch": 7, "acc": 0.8126850128173828, "best_acc": 0.8126850128173828, "loss": 1489.49126654221, "epoch_time": 636.8408758640289}, "8": {"global_step": 3192, "best_epoch": 8, "acc": 0.8228330016136169, "best_acc": 0.8228330016136169, "loss": 1309.0905682684086, "epoch_time": 635.9602563381195}, "9": {"global_step": 3591, "best_epoch": 9, "acc": 0.8257927894592285, "best_acc": 0.8257927894592285, "loss": 1173.806529147882, "epoch_time": 638.6016533374786}, "10": {"global_step": 3990, "best_epoch": 9, "acc": 0.8225510716438293, "best_acc": 0.8257927894592285, "loss": 1067.065205356531, "epoch_time": 639.0873281955719}, "11": {"global_step": 4389, "best_epoch": 9, "acc": 0.8201550245285034, "best_acc": 0.8257927894592285, "loss": 980.5493909282892, "epoch_time": 638.4709205627441}, "12": {"global_step": 4788, "best_epoch": 12, "acc": 0.8291754722595215, "best_acc": 0.8291754722595215, "loss": 910.0615905969321, "epoch_time": 636.5355551242828}, "13": {"global_step": 5187, "best_epoch": 12, "acc": 0.8198731541633606, "best_acc": 0.8291754722595215, "loss": 853.6350455941413, "epoch_time": 636.944851398468}, "14": {"global_step": 5586, "best_epoch": 14, "acc": 0.8312896490097046, "best_acc": 0.8312896490097046, "loss": 806.567116053514, "epoch_time": 637.2284767627716}, "15": {"global_step": 5985, "best_epoch": 14, "acc": 0.8259337544441223, "best_acc": 0.8312896490097046, "loss": 767.0027943737823, "epoch_time": 635.6837966442108}, "16": {"global_step": 6384, "best_epoch": 14, "acc": 0.8222692012786865, "best_acc": 0.8312896490097046, "loss": 734.1579428321003, "epoch_time": 636.9945487976074}, "17": {"global_step": 6783, "best_epoch": 14, "acc": 0.8266384601593018, "best_acc": 0.8312896490097046, "loss": 705.2377782772259, "epoch_time": 637.9177496433258}, "18": {"global_step": 7182, "best_epoch": 14, "acc": 0.8304439783096313, "best_acc": 0.8312896490097046, "loss": 680.6105779379761, "epoch_time": 637.3870184421539}, "19": {"global_step": 7581, "best_epoch": 14, "acc": 0.8253699541091919, "best_acc": 0.8312896490097046, "loss": 658.8363651257879, "epoch_time": 638.7646968364716}, "20": {"global_step": 7980, "best_epoch": 14, "acc": 0.8219873309135437, "best_acc": 0.8312896490097046, "loss": 638.776910568658, "epoch_time": 637.1983788013458}, "21": {"global_step": 8379, "best_epoch": 14, "acc": 0.8269203901290894, "best_acc": 0.8312896490097046, "loss": 617.986482068112, "epoch_time": 637.3410515785217}, "22": {"global_step": 8778, "best_epoch": 14, "acc": 0.8211416602134705, "best_acc": 0.8312896490097046, "loss": 598.8894106552661, "epoch_time": 636.8561894893646}, "23": {"global_step": 9177, "best_epoch": 14, "acc": 0.8218463659286499, "best_acc": 0.8312896490097046, "loss": 581.556881823071, "epoch_time": 637.4850153923035}, "24": {"global_step": 9576, "best_epoch": 14, "acc": 0.819450318813324, "best_acc": 0.8312896490097046, "loss": 566.1552877422373, "epoch_time": 637.7022867202759}, "25": {"global_step": 9975, "best_epoch": 14, "acc": 0.8255109190940857, "best_acc": 0.8312896490097046, "loss": 552.4807823907761, "epoch_time": 637.421573638916}, "26": {"global_step": 10374, "best_epoch": 14, "acc": 0.8264975547790527, "best_acc": 0.8312896490097046, "loss": 539.92332493916, "epoch_time": 637.7049760818481}, "27": {"global_step": 10773, "best_epoch": 14, "acc": 0.8238195776939392, "best_acc": 0.8312896490097046, "loss": 528.553093049542, "epoch_time": 638.7290658950806}, "28": {"global_step": 11172, "best_epoch": 14, "acc": 0.8243833780288696, "best_acc": 0.8312896490097046, "loss": 517.9733066781226, "epoch_time": 637.2060823440552}, "29": {"global_step": 11571, "best_epoch": 14, "acc": 0.8245242834091187, "best_acc": 0.8312896490097046, "loss": 507.9688579731418, "epoch_time": 636.4773597717285}, "30": {"global_step": 11970, "best_epoch": 14, "acc": 0.8231148719787598, "best_acc": 0.8312896490097046, "loss": 498.66651422333297, "epoch_time": 637.5466747283936}, "31": {"global_step": 12369, "best_epoch": 14, "acc": 0.8218463659286499, "best_acc": 0.8312896490097046, "loss": 489.5507844248695, "epoch_time": 635.4636225700378}, "32": {"global_step": 12768, "best_epoch": 14, "acc": 0.8190274834632874, "best_acc": 0.8312896490097046, "loss": 480.60034338889943, "epoch_time": 638.4871456623077}, "33": {"global_step": 13167, "best_epoch": 14, "acc": 0.8243833780288696, "best_acc": 0.8312896490097046, "loss": 471.8546182401625, "epoch_time": 636.9899623394012}, "34": {"global_step": 13566, "best_epoch": 14, "acc": 0.8201550245285034, "best_acc": 0.8312896490097046, "loss": 463.774816183549, "epoch_time": 637.3750565052032}, "35": {"global_step": 13965, "best_epoch": 14, "acc": 0.8224101662635803, "best_acc": 0.8312896490097046, "loss": 456.3425762214756, "epoch_time": 635.7138452529907}, "36": {"global_step": 14364, "best_epoch": 14, "acc": 0.8195912837982178, "best_acc": 0.8312896490097046, "loss": 241.0215039552005, "epoch_time": 642.6800379753113}, "37": {"global_step": 14763, "best_epoch": 14, "acc": 0.8187456130981445, "best_acc": 0.8312896490097046, "loss": 237.69349900821695, "epoch_time": 639.0670974254608}, "38": {"global_step": 15162, "best_epoch": 14, "acc": 0.8286116719245911, "best_acc": 0.8312896490097046, "loss": 236.45752876683287, "epoch_time": 641.2601501941681}, "39": {"global_step": 15561, "best_epoch": 14, "acc": 0.8279069662094116, "best_acc": 0.8312896490097046, "loss": 236.33744131771843, "epoch_time": 637.8779189586639}, "40": {"global_step": 15960, "best_epoch": 14, "acc": 0.82057785987854, "best_acc": 0.8312896490097046, "loss": 236.7243002602331, "epoch_time": 638.8748788833618}, "41": {"global_step": 16359, "best_epoch": 14, "acc": 0.8166314363479614, "best_acc": 0.8312896490097046, "loss": 235.56301490286538, "epoch_time": 636.8673493862152}, "42": {"global_step": 16758, "best_epoch": 14, "acc": 0.8174771070480347, "best_acc": 0.8312896490097046, "loss": 235.07509899993033, "epoch_time": 638.7421669960022}, "43": {"global_step": 17157, "best_epoch": 14, "acc": 0.8126850128173828, "best_acc": 0.8312896490097046, "loss": 233.9884655039412, "epoch_time": 637.5735368728638}, "44": {"global_step": 17556, "best_epoch": 14, "acc": 0.8174771070480347, "best_acc": 0.8312896490097046, "loss": 233.4855487359264, "epoch_time": 636.1907541751862}, "45": {"global_step": 17955, "best_epoch": 14, "acc": 0.8202959895133972, "best_acc": 0.8312896490097046, "loss": 233.27628416286078, "epoch_time": 638.031055688858}, "46": {"global_step": 18354, "best_epoch": 14, "acc": 0.8146582245826721, "best_acc": 0.8312896490097046, "loss": 233.39157360717468, "epoch_time": 641.0011477470398}, "47": {"global_step": 18753, "best_epoch": 14, "acc": 0.8236786723136902, "best_acc": 0.8312896490097046, "loss": 233.19125596622476, "epoch_time": 639.1817457675934}, "48": {"global_step": 19152, "best_epoch": 14, "acc": 0.8286116719245911, "best_acc": 0.8312896490097046, "loss": 231.116077145837, "epoch_time": 636.8235745429993}, "49": {"global_step": 19551,