{"1": {"global_step": 400, "best_epoch": 1, "acc": 0.5960999131202698, "best_acc": 0.5960999131202698, "loss": 2577.3054187011717, "epoch_time": 644.577476978302}, "2": {"global_step": 800, "best_epoch": 2, "acc": 0.6466049551963806, "best_acc": 0.6466049551963806, "loss": 2487.268472290039, "epoch_time": 643.9500269889832}, "3": {"global_step": 1200, "best_epoch": 3, "acc": 0.6858866214752197, "best_acc": 0.6858866214752197, "loss": 2423.0364556884765, "epoch_time": 643.9925010204315}, "4": {"global_step": 1600, "best_epoch": 4, "acc": 0.7111391425132751, "best_acc": 0.7111391425132751, "loss": 2181.5870169067384, "epoch_time": 645.529491186142}, "5": {"global_step": 2000, "best_epoch": 5, "acc": 0.7312008738517761, "best_acc": 0.7312008738517761, "loss": 2129.586199645996, "epoch_time": 641.7912209033966}, "6": {"global_step": 2400, "best_epoch": 6, "acc": 0.7567340135574341, "best_acc": 0.7567340135574341, "loss": 2074.7456763712566, "epoch_time": 642.7950708866119}, "7": {"global_step": 2800, "best_epoch": 7, "acc": 0.7699214220046997, "best_acc": 0.7699214220046997, "loss": 1973.4499436950684, "epoch_time": 645.4357144832611}, "8": {"global_step": 3200, "best_epoch": 7, "acc": 0.7672559022903442, "best_acc": 0.7699214220046997, "loss": 1863.5565543823243, "epoch_time": 647.9146766662598}, "9": {"global_step": 3600, "best_epoch": 9, "acc": 0.7783389687538147, "best_acc": 0.7783389687538147, "loss": 1755.1203819529217, "epoch_time": 646.5130698680878}, "10": {"global_step": 4000, "best_epoch": 10, "acc": 0.7819865345954895, "best_acc": 0.7819865345954895, "loss": 1653.6740882001604, "epoch_time": 644.5227208137512}, "11": {"global_step": 4400, "best_epoch": 11, "acc": 0.7894219756126404, "best_acc": 0.7894219756126404, "loss": 1562.5083791732789, "epoch_time": 648.6812069416046}, "12": {"global_step": 4800, "best_epoch": 11, "acc": 0.7825477123260498, "best_acc": 0.7894219756126404, "loss": 1480.5707678561741, "epoch_time": 652.9228296279907}, "13": {"global_step": 5200, "best_epoch": 11, "acc": 0.7804433107376099, "best_acc": 0.7894219756126404, "loss": 1407.6840284881591, "epoch_time": 651.0965502262115}, "14": {"global_step": 5600, "best_epoch": 11, "acc": 0.7790403962135315, "best_acc": 0.7894219756126404, "loss": 1343.7161278672652, "epoch_time": 646.4862325191498}, "15": {"global_step": 6000, "best_epoch": 11, "acc": 0.7828282713890076, "best_acc": 0.7894219756126404, "loss": 1284.995389995575, "epoch_time": 645.0031924247742}, "16": {"global_step": 6400, "best_epoch": 11, "acc": 0.7812850475311279, "best_acc": 0.7894219756126404, "loss": 1233.1509636922983, "epoch_time": 661.4409596920013}, "17": {"global_step": 6800, "best_epoch": 11, "acc": 0.7824074029922485, "best_acc": 0.7894219756126404, "loss": 1186.0131963893346, "epoch_time": 647.0398650169373}, "18": {"global_step": 7200, "best_epoch": 11, "acc": 0.7839506268501282, "best_acc": 0.7894219756126404, "loss": 1142.8816007029216, "epoch_time": 648.6008288860321}, "19": {"global_step": 7600, "best_epoch": 11, "acc": 0.7779180407524109, "best_acc": 0.7894219756126404, "loss": 1103.9781916904449, "epoch_time": 642.8536322116852}, "20": {"global_step": 8000, "best_epoch": 11, "acc": 0.7835297584533691, "best_acc": 0.7894219756126404, "loss": 1069.2648911913705, "epoch_time": 650.0509192943573}, "21": {"global_step": 8400, "best_epoch": 11, "acc": 0.7867564558982849, "best_acc": 0.7894219756126404, "loss": 1034.1540377404954, "epoch_time": 652.2717335224152}, "22": {"global_step": 8800, "best_epoch": 11, "acc": 0.7826879620552063, "best_acc": 0.7894219756126404, "loss": 1001.1341460438779, "epoch_time": 651.6100671291351}, "23": {"global_step": 9200, "best_epoch": 11, "acc": 0.7720258235931396, "best_acc": 0.7894219756126404, "loss": 971.0722095413208, "epoch_time": 645.201639175415}, "24": {"global_step": 9600, "best_epoch": 11, "acc": 0.7822670936584473, "best_acc": 0.7894219756126404, "loss": 943.444268510001, "epoch_time": 647.0286836624146}, "25": {"global_step": 10000, "best_epoch": 11, "acc": 0.7808641791343689, "best_acc": 0.7894219756126404, "loss": 918.192623793862, "epoch_time": 652.9062581062317}, "26": {"global_step": 10400, "best_epoch": 11, "acc": 0.7769360542297363, "best_acc": 0.7894219756126404, "loss": 895.0673900189607, "epoch_time": 659.4596660137177}, "27": {"global_step": 10800, "best_epoch": 11, "acc": 0.7814253568649292, "best_acc": 0.7894219756126404, "loss": 873.9510954109828, "epoch_time": 664.185967206955}, "28": {"global_step": 11200, "best_epoch": 11, "acc": 0.7787598371505737, "best_acc": 0.7894219756126404, "loss": 854.3247382553101, "epoch_time": 670.3210327625275}, "29": {"global_step": 11600, "best_epoch": 11, "acc": 0.7769360542297363, "best_acc": 0.7894219756126404, "loss": 836.0526714662406, "epoch_time": 664.6529290676117}, "30": {"global_step": 12000, "best_epoch": 11, "acc": 0.7852132320404053, "best_acc": 0.7894219756126404, "loss": 819.0138295265481, "epoch_time": 676.6640129089355}, "31": {"global_step": 12400, "best_epoch": 11, "acc": 0.7873176336288452, "best_acc": 0.7894219756126404, "loss": 802.1283722237179, "epoch_time": 656.8981840610504}, "32": {"global_step": 12800, "best_epoch": 11, "acc": 0.7838103175163269, "best_acc": 0.7894219756126404, "loss": 785.9098339317585, "epoch_time": 650.628354549408}, "33": {"global_step": 13200, "best_epoch": 11, "acc": 0.7716049551963806, "best_acc": 0.7894219756126404, "loss": 770.6028675823212, "epoch_time": 649.3345410823822}, "34": {"global_step": 13600, "best_epoch": 11, "acc": 0.7808641791343689, "best_acc": 0.7894219756126404, "loss": 756.1228535750604, "epoch_time": 647.8089146614075}, "35": {"global_step": 14000, "best_epoch": 11, "acc": 0.7786195278167725, "best_acc": 0.7894219756126404, "loss": 742.5242596155405, "epoch_time": 648.4410953521729}, "36": {"global_step": 14400, "best_epoch": 11, "acc": 0.7790403962135315, "best_acc": 0.7894219756126404, "loss": 729.729091052431, "epoch_time": 660.9446785449982}, "37": {"global_step": 14800, "best_epoch": 11, "acc": 0.7760942578315735, "best_acc": 0.7894219756126404, "loss": 717.5590767018936, "epoch_time": 663.4660880565643}, "38": {"global_step": 15200, "best_epoch": 11, "acc": 0.7805836200714111, "best_acc": 0.7894219756126404, "loss": 706.144023034232, "epoch_time": 657.6262357234955}, "39": {"global_step": 15600, "best_epoch": 11, "acc": 0.7769360542297363, "best_acc": 0.7894219756126404, "loss": 695.3044852468703, "epoch_time": 662.1797595024109}, "40": {"global_step": 16000, "best_epoch": 11, "acc": 0.7790403962135315, "best_acc": 0.7894219756126404, "loss": 685.0084155082702, "epoch_time": 652.2574470043182}, "41": {"global_step": 16400, "best_epoch": 11, "acc": 0.7713243365287781, "best_acc": 0.7894219756126404, "loss": 675.2639126561818, "epoch_time": 655.5898978710175}, "42": {"global_step": 16800, "best_epoch": 11, "acc": 0.7751122117042542, "best_acc": 0.7894219756126404, "loss": 665.9678039966485, "epoch_time": 652.9286713600159}, "43": {"global_step": 17200, "best_epoch": 11, "acc": 0.7690796852111816, "best_acc": 0.7894219756126404, "loss": 657.0588884301186, "epoch_time": 661.6268281936646}, "44": {"global_step": 17600, "best_epoch": 11, "acc": 0.7686588168144226, "best_acc": 0.7894219756126404, "loss": 648.4176075265466, "epoch_time": 657.3397419452667}, "45": {"global_step": 18000, "best_epoch": 11, "acc": 0.7776374816894531, "best_acc": 0.7894219756126404, "loss": 640.3842835726057, "epoch_time": 654.1354830265045}, "46": {"global_step": 18400, "best_epoch": 11, "acc": 0.7699214220046997, "best_acc": 0.7894219756126404, "loss": 308.09905710220335, "epoch_time": 656.6264379024506}, "47": {"global_step": 18800, "best_epoch": 11, "acc": 0.770903468132019, "best_acc": 0.7894219756126404, "loss": 307.8724651432037, "epoch_time": 653.4877951145172}, "48": {"global_step": 19200, "best_epoch": 11, "acc": 0.7812850475311279, "best_acc": 0.7894219756126404, "loss": 306.3384266599019, "epoch_time": 651.5707411766052},