{"1": {"global_step": 166, "best_epoch": 1, "acc": 0.5661016702651978, "best_acc": 0.5661016702651978, "loss": 2578.145209254989, "epoch_time": 288.73007583618164}, "2": {"global_step": 332, "best_epoch": 1, "acc": 0.5548022389411926, "best_acc": 0.5661016702651978, "loss": 2527.716351244823, "epoch_time": 287.71861267089844}, "3": {"global_step": 498, "best_epoch": 1, "acc": 0.5627118349075317, "best_acc": 0.5661016702651978, "loss": 2501.4985699634476, "epoch_time": 286.8681674003601}, "4": {"global_step": 664, "best_epoch": 4, "acc": 0.5717514157295227, "best_acc": 0.5717514157295227, "loss": 2483.3111274443477, "epoch_time": 287.29758501052856}, "5": {"global_step": 830, "best_epoch": 4, "acc": 0.5615819096565247, "best_acc": 0.5717514157295227, "loss": 2467.6665089067205, "epoch_time": 287.058895111084}, "6": {"global_step": 996, "best_epoch": 4, "acc": 0.5683615803718567, "best_acc": 0.5717514157295227, "loss": 2468.4043608516095, "epoch_time": 287.7060010433197}, "7": {"global_step": 1162, "best_epoch": 4, "acc": 0.5717514157295227, "best_acc": 0.5717514157295227, "loss": 2465.2892604177873, "epoch_time": 287.5596995353699}, "8": {"global_step": 1328, "best_epoch": 4, "acc": 0.5435028076171875, "best_acc": 0.5717514157295227, "loss": 2460.6401153932134, "epoch_time": 287.52714943885803}, "9": {"global_step": 1494, "best_epoch": 9, "acc": 0.5728813409805298, "best_acc": 0.5728813409805298, "loss": 2453.490234865242, "epoch_time": 289.1131920814514}, "10": {"global_step": 1660, "best_epoch": 10, "acc": 0.5796610116958618, "best_acc": 0.5796610116958618, "loss": 2444.139833307841, "epoch_time": 291.7981278896332}, "11": {"global_step": 1826, "best_epoch": 11, "acc": 0.5898305177688599, "best_acc": 0.5898305177688599, "loss": 2430.9100193387185, "epoch_time": 287.27760887145996}, "12": {"global_step": 1992, "best_epoch": 11, "acc": 0.5853107571601868, "best_acc": 0.5898305177688599, "loss": 2415.306308976139, "epoch_time": 287.8964912891388}, "13": {"global_step": 2158, "best_epoch": 11, "acc": 0.5694915056228638, "best_acc": 0.5898305177688599, "loss": 2396.1585595499487, "epoch_time": 287.4356572628021}, "14": {"global_step": 2324, "best_epoch": 14, "acc": 0.6022598743438721, "best_acc": 0.6022598743438721, "loss": 2375.5179004767674, "epoch_time": 288.38117003440857}, "15": {"global_step": 2490, "best_epoch": 14, "acc": 0.5909604430198669, "best_acc": 0.6022598743438721, "loss": 2350.90561018488, "epoch_time": 287.7773985862732}, "16": {"global_step": 2656, "best_epoch": 14, "acc": 0.5966101884841919, "best_acc": 0.6022598743438721, "loss": 2324.9030179862516, "epoch_time": 287.40580010414124}, "17": {"global_step": 2822, "best_epoch": 14, "acc": 0.59548020362854, "best_acc": 0.6022598743438721, "loss": 2297.381054635592, "epoch_time": 287.4494044780731}, "18": {"global_step": 2988, "best_epoch": 18, "acc": 0.6180790662765503, "best_acc": 0.6180790662765503, "loss": 2269.135587679494, "epoch_time": 287.5053446292877}, "19": {"global_step": 3154, "best_epoch": 19, "acc": 0.6225988864898682, "best_acc": 0.6225988864898682, "loss": 2238.7459029812712, "epoch_time": 286.3497803211212}, "20": {"global_step": 3320, "best_epoch": 19, "acc": 0.6000000238418579, "best_acc": 0.6225988864898682, "loss": 2206.3789534235575, "epoch_time": 287.2657563686371}, "21": {"global_step": 3486, "best_epoch": 19, "acc": 0.598870038986206, "best_acc": 0.6225988864898682, "loss": 2169.305879681533, "epoch_time": 287.0579481124878}, "22": {"global_step": 3652, "best_epoch": 19, "acc": 0.604519784450531, "best_acc": 0.6225988864898682, "loss": 2130.468682446851, "epoch_time": 287.27843737602234}, "23": {"global_step": 3818, "best_epoch": 19, "acc": 0.601129949092865, "best_acc": 0.6225988864898682, "loss": 2091.7513433809117, "epoch_time": 287.16932678222656}, "24": {"global_step": 3984, "best_epoch": 19, "acc": 0.6067796349525452, "best_acc": 0.6225988864898682, "loss": 2053.5018146468933, "epoch_time": 286.74022340774536}, "25": {"global_step": 4150, "best_epoch": 19, "acc": 0.601129949092865, "best_acc": 0.6225988864898682, "loss": 2016.5225665650885, "epoch_time": 287.03782534599304}, "26": {"global_step": 4316, "best_epoch": 19, "acc": 0.6124293804168701, "best_acc": 0.6225988864898682, "loss": 1980.0333386015516, "epoch_time": 287.62041211128235}, "27": {"global_step": 4482, "best_epoch": 19, "acc": 0.601129949092865, "best_acc": 0.6225988864898682, "loss": 1944.7805559531964, "epoch_time": 287.6318271160126}, "28": {"global_step": 4648, "best_epoch": 19, "acc": 0.6056497097015381, "best_acc": 0.6225988864898682, "loss": 1911.4476782294846, "epoch_time": 287.8767297267914}, "29": {"global_step": 4814, "best_epoch": 19, "acc": 0.6124293804168701, "best_acc": 0.6225988864898682, "loss": 1878.8198315977406, "epoch_time": 287.53452587127686}, "30": {"global_step": 4980, "best_epoch": 19, "acc": 0.6033898591995239, "best_acc": 0.6225988864898682, "loss": 1846.8225149744485, "epoch_time": 287.72914457321167}, "31": {"global_step": 5146, "best_epoch": 19, "acc": 0.6056497097015381, "best_acc": 0.6225988864898682, "loss": 1815.385790033559, "epoch_time": 287.666380405426}, "32": {"global_step": 5312, "best_epoch": 19, "acc": 0.6056497097015381, "best_acc": 0.6225988864898682, "loss": 1784.803742092776, "epoch_time": 287.5422029495239}, "33": {"global_step": 5478, "best_epoch": 19, "acc": 0.6033898591995239, "best_acc": 0.6225988864898682, "loss": 1755.701875634418, "epoch_time": 287.16415429115295}, "34": {"global_step": 5644, "best_epoch": 19, "acc": 0.594350278377533, "best_acc": 0.6225988864898682, "loss": 1727.5687607265718, "epoch_time": 286.6863718032837}, "35": {"global_step": 5810, "best_epoch": 19, "acc": 0.6000000238418579, "best_acc": 0.6225988864898682, "loss": 1700.2879673023847, "epoch_time": 287.7695460319519}, "36": {"global_step": 5976, "best_epoch": 19, "acc": 0.594350278377533, "best_acc": 0.6225988864898682, "loss": 1674.4523317983032, "epoch_time": 287.907044172287}, "37": {"global_step": 6142, "best_epoch": 19, "acc": 0.601129949092865, "best_acc": 0.6225988864898682, "loss": 751.8431269634201, "epoch_time": 290.4253134727478}, "38": {"global_step": 6308, "best_epoch": 19, "acc": 0.5875706076622009, "best_acc": 0.6225988864898682, "loss": 748.282113224627, "epoch_time": 287.74453377723694}, "39": {"global_step": 6474, "best_epoch": 19, "acc": 0.5853107571601868, "best_acc": 0.6225988864898682, "loss": 746.7503194540859, "epoch_time": 286.8621141910553}, "40": {"global_step": 6640, "best_epoch": 19, "acc": 0.6090395450592041, "best_acc": 0.6225988864898682, "loss": 741.2953877736287, "epoch_time": 286.72155690193176}, "41": {"global_step": 6806, "best_epoch": 19, "acc": 0.6180790662765503, "best_acc": 0.6225988864898682, "loss": 739.9189208616693, "epoch_time": 285.73630714416504}, "42": {"global_step": 6972, "best_epoch": 19, "acc": 0.611299455165863, "best_acc": 0.6225988864898682, "loss": 735.455985532707, "epoch_time": 287.0584247112274}, "43": {"global_step": 7138, "best_epoch": 19, "acc": 0.6169491410255432, "best_acc": 0.6225988864898682, "loss": 733.4088747480855, "epoch_time": 285.3558416366577}, "44": {"global_step": 7304, "best_epoch": 19, "acc": 0.6033898591995239, "best_acc": 0.6225988864898682, "loss": 730.5328133594559, "epoch_time": 287.3089351654053}, "45": {"global_step": 7470, "best_epoch": 19, "acc": 0.611299455165863, "best_acc": 0.6225988864898682, "loss": 726.2119722991903, "epoch_time": 306.26181292533875}, "46": {"global_step": 7636, "best_epoch": 19, "acc": 0.5875706076622009, "best_acc": 0.6225988864898682, "loss": 723.3814440991505, "epoch_time": 296.9123578071594}, "47": {"global_step": 7802, "best_epoch": 19, "acc": 0.614689290523529, "best_acc": 0.6225988864898682, "loss": 718.7555018212944, "epoch_time": 287.06592559814453}, "48": {"global_step": 7968, "best_epoch": 19, "acc": 0.6033898591995239, "best_acc": 0.6225988864898682, "loss": 715.7419254042537, "epoch_time": 287.2542493343353}, "49": {"global_step": 8134,