{"1": {"global_step": 137, "best_epoch": 1, "acc": 0.5808320045471191, "best_acc": 0.5808320045471191, "loss": 2593.0717844719434, "epoch_time": 241.37213158607483}, "2": {"global_step": 274, "best_epoch": 2, "acc": 0.596629798412323, "best_acc": 0.596629798412323, "loss": 2532.307311566207, "epoch_time": 246.33565378189087}, "3": {"global_step": 411, "best_epoch": 3, "acc": 0.6040021181106567, "best_acc": 0.6040021181106567, "loss": 2420.440354841469, "epoch_time": 239.55665850639343}, "4": {"global_step": 548, "best_epoch": 4, "acc": 0.6298051476478577, "best_acc": 0.6298051476478577, "loss": 2399.2238502223995, "epoch_time": 236.09022426605225}, "5": {"global_step": 685, "best_epoch": 4, "acc": 0.6292785406112671, "best_acc": 0.6298051476478577, "loss": 2375.7827671171685, "epoch_time": 235.58173775672913}, "6": {"global_step": 822, "best_epoch": 6, "acc": 0.649289071559906, "best_acc": 0.649289071559906, "loss": 2373.0410031506617, "epoch_time": 236.07178783416748}, "7": {"global_step": 959, "best_epoch": 7, "acc": 0.6782516837120056, "best_acc": 0.6782516837120056, "loss": 2339.683546882128, "epoch_time": 235.98672676086426}, "8": {"global_step": 1096, "best_epoch": 8, "acc": 0.7051079273223877, "best_acc": 0.7051079273223877, "loss": 2283.039401831708, "epoch_time": 237.5083658695221}, "9": {"global_step": 1233, "best_epoch": 9, "acc": 0.7309110164642334, "best_acc": 0.7309110164642334, "loss": 2209.7172975032995, "epoch_time": 237.1612057685852}, "10": {"global_step": 1370, "best_epoch": 10, "acc": 0.7461822032928467, "best_acc": 0.7461822032928467, "loss": 2126.75681789426, "epoch_time": 236.4056761264801}, "11": {"global_step": 1507, "best_epoch": 11, "acc": 0.7472353577613831, "best_acc": 0.7472353577613831, "loss": 2040.1685359363912, "epoch_time": 235.98460912704468}, "12": {"global_step": 1644, "best_epoch": 12, "acc": 0.7514481544494629, "best_acc": 0.7514481544494629, "loss": 1954.8526585933937, "epoch_time": 236.41469407081604}, "13": {"global_step": 1781, "best_epoch": 13, "acc": 0.7756714224815369, "best_acc": 0.7756714224815369, "loss": 1871.2606980008009, "epoch_time": 235.78487968444824}, "14": {"global_step": 1918, "best_epoch": 14, "acc": 0.7819905281066895, "best_acc": 0.7819905281066895, "loss": 1790.7704523833709, "epoch_time": 235.86038875579834}, "15": {"global_step": 2055, "best_epoch": 14, "acc": 0.7725118398666382, "best_acc": 0.7819905281066895, "loss": 1715.8682046041001, "epoch_time": 237.00974225997925}, "16": {"global_step": 2192, "best_epoch": 16, "acc": 0.7972617149353027, "best_acc": 0.7972617149353027, "loss": 1645.2926898594321, "epoch_time": 235.78324913978577}, "17": {"global_step": 2329, "best_epoch": 16, "acc": 0.7856766581535339, "best_acc": 0.7972617149353027, "loss": 1579.4115847102628, "epoch_time": 236.8696756362915}, "18": {"global_step": 2466, "best_epoch": 16, "acc": 0.7809373140335083, "best_acc": 0.7972617149353027, "loss": 1518.9984780054024, "epoch_time": 236.60799503326416}, "19": {"global_step": 2603, "best_epoch": 16, "acc": 0.7830436825752258, "best_acc": 0.7972617149353027, "loss": 1462.9448676823854, "epoch_time": 236.75122737884521}, "20": {"global_step": 2740, "best_epoch": 20, "acc": 0.808320164680481, "best_acc": 0.808320164680481, "loss": 1410.696214253595, "epoch_time": 235.98680686950684}, "21": {"global_step": 2877, "best_epoch": 20, "acc": 0.8051605820655823, "best_acc": 0.808320164680481, "loss": 1360.0917085405042, "epoch_time": 236.13842225074768}, "22": {"global_step": 3014, "best_epoch": 20, "acc": 0.789889395236969, "best_acc": 0.808320164680481, "loss": 1311.756895134919, "epoch_time": 236.33532786369324}, "23": {"global_step": 3151, "best_epoch": 20, "acc": 0.8030542135238647, "best_acc": 0.808320164680481, "loss": 1266.7477355469089, "epoch_time": 235.7725932598114}, "24": {"global_step": 3288, "best_epoch": 20, "acc": 0.8062137961387634, "best_acc": 0.808320164680481, "loss": 1225.6940512350243, "epoch_time": 236.92969512939453}, "25": {"global_step": 3425, "best_epoch": 20, "acc": 0.8046340346336365, "best_acc": 0.808320164680481, "loss": 1187.9511059779509, "epoch_time": 236.42029404640198}, "26": {"global_step": 3562, "best_epoch": 20, "acc": 0.7956819534301758, "best_acc": 0.808320164680481, "loss": 1152.843249685283, "epoch_time": 236.54489135742188}, "27": {"global_step": 3699, "best_epoch": 20, "acc": 0.7983149290084839, "best_acc": 0.808320164680481, "loss": 1120.2474039074975, "epoch_time": 236.40287327766418}, "28": {"global_step": 3836, "best_epoch": 20, "acc": 0.7888362407684326, "best_acc": 0.808320164680481, "loss": 1089.352849682953, "epoch_time": 236.036381483078}, "29": {"global_step": 3973, "best_epoch": 20, "acc": 0.8004212975502014, "best_acc": 0.808320164680481, "loss": 300.83548519385124, "epoch_time": 241.1291766166687}, "30": {"global_step": 4110, "best_epoch": 30, "acc": 0.8120062947273254, "best_acc": 0.8120062947273254, "loss": 299.2054561141634, "epoch_time": 237.62946009635925}, "31": {"global_step": 4247, "best_epoch": 30, "acc": 0.7904160022735596, "best_acc": 0.8120062947273254, "loss": 289.0229261449364, "epoch_time": 236.59985375404358}, "32": {"global_step": 4384, "best_epoch": 30, "acc": 0.7951553463935852, "best_acc": 0.8120062947273254, "loss": 281.79338325723245, "epoch_time": 236.23161387443542}, "33": {"global_step": 4521, "best_epoch": 30, "acc": 0.8051605820655823, "best_acc": 0.8120062947273254, "loss": 275.7138998880874, "epoch_time": 236.13418126106262}, "34": {"global_step": 4658, "best_epoch": 30, "acc": 0.7914692163467407, "best_acc": 0.8120062947273254, "loss": 269.9873524129826, "epoch_time": 236.28611302375793}, "35": {"global_step": 4795, "best_epoch": 30, "acc": 0.8004212975502014, "best_acc": 0.8120062947273254, "loss": 265.3136337964453, "epoch_time": 236.83309745788574}, "36": {"global_step": 4932, "best_epoch": 30, "acc": 0.7977883219718933, "best_acc": 0.8120062947273254, "loss": 261.4014112792746, "epoch_time": 236.0194764137268}, "37": {"global_step": 5069, "best_epoch": 30, "acc": 0.7962085604667664, "best_acc": 0.8120062947273254, "loss": 258.34449742696967, "epoch_time": 237.06159257888794}, "38": {"global_step": 5206, "best_epoch": 30, "acc": 0.7904160022735596, "best_acc": 0.8120062947273254, "loss": 256.15081995386277, "epoch_time": 236.1762843132019}, "39": {"global_step": 5343, "best_epoch": 30, "acc": 0.7998946905136108, "best_acc": 0.8120062947273254, "loss": 252.7062634099139, "epoch_time": 235.79561161994934}, "40": {"global_step": 5480, "best_epoch": 30, "acc": 0.7919957637786865, "best_acc": 0.8120062947273254, "loss": 250.2526570897903, "epoch_time": 237.02192187309265}, "41": {"global_step": 5617, "best_epoch": 30, "acc": 0.7993680834770203, "best_acc": 0.8120062947273254, "loss": 248.41481703897998, "epoch_time": 236.3207175731659}, "42": {"global_step": 5754, "best_epoch": 30, "acc": 0.794102132320404, "best_acc": 0.8120062947273254, "loss": 247.43814849455737, "epoch_time": 236.0073823928833}, "43": {"global_step": 5891, "best_epoch": 30, "acc": 0.7914692163467407, "best_acc": 0.8120062947273254, "loss": 245.22652050677297, "epoch_time": 236.67594456672668}, "44": {"global_step": 6028, "best_epoch": 30, "acc": 0.7856766581535339, "best_acc": 0.8120062947273254, "loss": 243.03239652536212, "epoch_time": 235.8954689502716}, "45": {"global_step": 6165, "best_epoch": 30, "acc": 0.7888362407684326, "best_acc": 0.8120062947273254, "loss": 241.1381435173169, "epoch_time": 237.30716133117676}, "46": {"global_step": 6302, "best_epoch": 30, "acc": 0.8072670102119446, "best_acc": 0.8120062947273254, "loss": 239.3323181783486, "epoch_time": 235.84464478492737}, "47": {"global_step": 6439, "best_epoch": 30, "acc": 0.7988414764404297, "best_acc": 0.8120062947273254, "loss": 237.45668665519185, "epoch_time": 236.0279824733734}, "48": {"global_step": 6576, "best_epoch": 30, "acc": 0.7925223708152771, "best_acc": 0.8120062947273254, "loss": 236.07868219083244, "epoch_time": 236.77844905853271},