{"1": {"global_step": 166, "best_epoch": 1, "acc": 0.5661016702651978, "best_acc": 0.5661016702651978, "loss": 2578.145209254989, "epoch_time": 286.15867710113525}, "2": {"global_step": 332, "best_epoch": 1, "acc": 0.5548022389411926, "best_acc": 0.5661016702651978, "loss": 2527.716351244823, "epoch_time": 283.68290305137634}, "3": {"global_step": 498, "best_epoch": 1, "acc": 0.5627118349075317, "best_acc": 0.5661016702651978, "loss": 2501.4985699634476, "epoch_time": 283.81685519218445}, "4": {"global_step": 664, "best_epoch": 4, "acc": 0.5717514157295227, "best_acc": 0.5717514157295227, "loss": 2483.3111274443477, "epoch_time": 284.5472092628479}, "5": {"global_step": 830, "best_epoch": 4, "acc": 0.5615819096565247, "best_acc": 0.5717514157295227, "loss": 2467.6665089067205, "epoch_time": 284.8273777961731}, "6": {"global_step": 996, "best_epoch": 4, "acc": 0.5683615803718567, "best_acc": 0.5717514157295227, "loss": 2468.4043608516095, "epoch_time": 283.75008392333984}, "7": {"global_step": 1162, "best_epoch": 4, "acc": 0.5717514157295227, "best_acc": 0.5717514157295227, "loss": 2465.2892604177873, "epoch_time": 283.53484177589417}, "8": {"global_step": 1328, "best_epoch": 4, "acc": 0.5435028076171875, "best_acc": 0.5717514157295227, "loss": 2460.6401153932134, "epoch_time": 283.58431100845337}, "9": {"global_step": 1494, "best_epoch": 9, "acc": 0.5728813409805298, "best_acc": 0.5728813409805298, "loss": 2453.490234865242, "epoch_time": 284.64367032051086}, "10": {"global_step": 1660, "best_epoch": 10, "acc": 0.5796610116958618, "best_acc": 0.5796610116958618, "loss": 2444.139833307841, "epoch_time": 284.6929335594177}, "11": {"global_step": 1826, "best_epoch": 11, "acc": 0.5898305177688599, "best_acc": 0.5898305177688599, "loss": 2430.9100193387185, "epoch_time": 284.0470962524414}, "12": {"global_step": 1992, "best_epoch": 11, "acc": 0.5853107571601868, "best_acc": 0.5898305177688599, "loss": 2415.306308976139, "epoch_time": 284.5963068008423}, "13": {"global_step": 2158, "best_epoch": 11, "acc": 0.5694915056228638, "best_acc": 0.5898305177688599, "loss": 2396.1585595499487, "epoch_time": 285.188280582428}, "14": {"global_step": 2324, "best_epoch": 14, "acc": 0.6022598743438721, "best_acc": 0.6022598743438721, "loss": 2375.5179004767674, "epoch_time": 284.66821026802063}, "15": {"global_step": 2490, "best_epoch": 14, "acc": 0.5909604430198669, "best_acc": 0.6022598743438721, "loss": 2350.90561018488, "epoch_time": 283.5645823478699}, "16": {"global_step": 2656, "best_epoch": 14, "acc": 0.5966101884841919, "best_acc": 0.6022598743438721, "loss": 2324.9030179862516, "epoch_time": 283.86928606033325}, "17": {"global_step": 2822, "best_epoch": 14, "acc": 0.59548020362854, "best_acc": 0.6022598743438721, "loss": 2297.381054635592, "epoch_time": 284.7121798992157}, "18": {"global_step": 2988, "best_epoch": 18, "acc": 0.6180790662765503, "best_acc": 0.6180790662765503, "loss": 2269.135587679494, "epoch_time": 284.3913371562958}, "19": {"global_step": 3154, "best_epoch": 19, "acc": 0.6225988864898682, "best_acc": 0.6225988864898682, "loss": 2238.7459029812712, "epoch_time": 284.66131114959717}, "20": {"global_step": 3320, "best_epoch": 19, "acc": 0.6000000238418579, "best_acc": 0.6225988864898682, "loss": 2206.3789534235575, "epoch_time": 285.05268120765686}, "21": {"global_step": 3486, "best_epoch": 19, "acc": 0.598870038986206, "best_acc": 0.6225988864898682, "loss": 2169.305879681533, "epoch_time": 284.58669662475586}, "22": {"global_step": 3652, "best_epoch": 19, "acc": 0.604519784450531, "best_acc": 0.6225988864898682, "loss": 2130.468682446851, "epoch_time": 285.4867379665375}, "23": {"global_step": 3818, "best_epoch": 19, "acc": 0.601129949092865, "best_acc": 0.6225988864898682, "loss": 2091.7513433809117, "epoch_time": 284.11914706230164}, "24": {"global_step": 3984, "best_epoch": 19, "acc": 0.6067796349525452, "best_acc": 0.6225988864898682, "loss": 2053.5018146468933, "epoch_time": 283.9494640827179}, "25": {"global_step": 4150, "best_epoch": 19, "acc": 0.601129949092865, "best_acc": 0.6225988864898682, "loss": 2016.5225665650885, "epoch_time": 284.28102469444275}, "26": {"global_step": 4316, "best_epoch": 19, "acc": 0.6124293804168701, "best_acc": 0.6225988864898682, "loss": 1980.0333386015516, "epoch_time": 285.0264256000519}, "27": {"global_step": 4482, "best_epoch": 19, "acc": 0.601129949092865, "best_acc": 0.6225988864898682, "loss": 1944.7805559531964, "epoch_time": 284.3297264575958}, "28": {"global_step": 4648, "best_epoch": 19, "acc": 0.6056497097015381, "best_acc": 0.6225988864898682, "loss": 1911.4476782294846, "epoch_time": 283.38801646232605}, "29": {"global_step": 4814, "best_epoch": 19, "acc": 0.6124293804168701, "best_acc": 0.6225988864898682, "loss": 1878.8198315977406, "epoch_time": 284.3654818534851}, "30": {"global_step": 4980, "best_epoch": 19, "acc": 0.6033898591995239, "best_acc": 0.6225988864898682, "loss": 1846.8225149744485, "epoch_time": 286.59359073638916}, "31": {"global_step": 5146, "best_epoch": 19, "acc": 0.6056497097015381, "best_acc": 0.6225988864898682, "loss": 1815.385790033559, "epoch_time": 291.8586254119873}, "32": {"global_step": 5312, "best_epoch": 19, "acc": 0.6056497097015381, "best_acc": 0.6225988864898682, "loss": 1784.803742092776, "epoch_time": 292.61026263237}, "33": {"global_step": 5478, "best_epoch": 19, "acc": 0.6033898591995239, "best_acc": 0.6225988864898682, "loss": 1755.701875634418, "epoch_time": 291.29345989227295}, "34": {"global_step": 5644, "best_epoch": 19, "acc": 0.594350278377533, "best_acc": 0.6225988864898682, "loss": 1727.5687607265718, "epoch_time": 291.3104498386383}, "35": {"global_step": 5810, "best_epoch": 19, "acc": 0.6000000238418579, "best_acc": 0.6225988864898682, "loss": 1700.2879673023847, "epoch_time": 291.33052134513855}, "36": {"global_step": 5976, "best_epoch": 19, "acc": 0.594350278377533, "best_acc": 0.6225988864898682, "loss": 1674.4523317983032, "epoch_time": 291.292866230011}, "37": {"global_step": 6142, "best_epoch": 19, "acc": 0.6225988864898682, "best_acc": 0.6225988864898682, "loss": 1649.7790161401122, "epoch_time": 291.43708658218384}, "38": {"global_step": 6308, "best_epoch": 19, "acc": 0.6203389763832092, "best_acc": 0.6225988864898682, "loss": 1625.8251968364436, "epoch_time": 291.9312937259674}, "39": {"global_step": 6474, "best_epoch": 19, "acc": 0.5909604430198669, "best_acc": 0.6225988864898682, "loss": 1603.040849748717, "epoch_time": 292.0579640865326}, "40": {"global_step": 6640, "best_epoch": 40, "acc": 0.6293785572052002, "best_acc": 0.6293785572052002, "loss": 1581.125578864224, "epoch_time": 291.13314032554626}, "41": {"global_step": 6806, "best_epoch": 40, "acc": 0.6067796349525452, "best_acc": 0.6293785572052002, "loss": 1560.3687156253516, "epoch_time": 291.0581283569336}, "42": {"global_step": 6972, "best_epoch": 40, "acc": 0.6135593056678772, "best_acc": 0.6293785572052002, "loss": 1540.2875821698485, "epoch_time": 292.206933259964}, "43": {"global_step": 7138, "best_epoch": 40, "acc": 0.614689290523529, "best_acc": 0.6293785572052002, "loss": 1520.8162081679166, "epoch_time": 291.870564699173}, "44": {"global_step": 7304, "best_epoch": 40, "acc": 0.6022598743438721, "best_acc": 0.6293785572052002, "loss": 1502.3184206650265, "epoch_time": 291.43212723731995}, "45": {"global_step": 7470, "best_epoch": 40, "acc": 0.5909604430198669, "best_acc": 0.6293785572052002, "loss": 1484.4286566921985, "epoch_time": 292.54478454589844}, "46": {"global_step": 7636, "best_epoch": 46, "acc": 0.6316384077072144, "best_acc": 0.6316384077072144, "loss": 1467.0934019333533, "epoch_time": 292.92910528182983}, "47": {"global_step": 7802, "best_epoch": 46, "acc": 0.6101694703102112, "best_acc": 0.6316384077072144, "loss": 1450.5030743467657, "epoch_time": 291.53290581703186}, "48": {"global_step": 7968, "best_epoch": 46, "acc": 0.6056497097015381, "best_acc": 0.6316384077072144, "loss": 1434.434779098235, "epoch_time": 292.4227616786957},