{"1": {"global_step": 400, "best_epoch": 1, "acc": 0.5960999131202698, "best_acc": 0.5960999131202698, "loss": 2577.3054187011717, "epoch_time": 648.8869512081146}, "2": {"global_step": 800, "best_epoch": 2, "acc": 0.6466049551963806, "best_acc": 0.6466049551963806, "loss": 2487.268472290039, "epoch_time": 641.9603533744812}, "3": {"global_step": 1200, "best_epoch": 3, "acc": 0.6858866214752197, "best_acc": 0.6858866214752197, "loss": 2423.0364556884765, "epoch_time": 640.7796273231506}, "4": {"global_step": 1600, "best_epoch": 4, "acc": 0.7185746431350708, "best_acc": 0.7185746431350708, "loss": 2362.8574690246583, "epoch_time": 641.3569190502167}, "5": {"global_step": 2000, "best_epoch": 5, "acc": 0.729938268661499, "best_acc": 0.729938268661499, "loss": 2305.671118347168, "epoch_time": 642.5425333976746}, "6": {"global_step": 2400, "best_epoch": 6, "acc": 0.7477553486824036, "best_acc": 0.7477553486824036, "loss": 2249.003683420817, "epoch_time": 644.9262044429779}, "7": {"global_step": 2800, "best_epoch": 7, "acc": 0.7662738561630249, "best_acc": 0.7662738561630249, "loss": 2164.702968183245, "epoch_time": 645.363481760025}, "8": {"global_step": 3200, "best_epoch": 8, "acc": 0.7723063826560974, "best_acc": 0.7723063826560974, "loss": 2070.0555061912537, "epoch_time": 645.2787427902222}, "9": {"global_step": 3600, "best_epoch": 9, "acc": 0.7773569226264954, "best_acc": 0.7773569226264954, "loss": 1973.3889997863769, "epoch_time": 645.5175130367279}, "10": {"global_step": 4000, "best_epoch": 9, "acc": 0.7676767706871033, "best_acc": 0.7773569226264954, "loss": 1879.4411890411377, "epoch_time": 645.3804235458374}, "11": {"global_step": 4400, "best_epoch": 9, "acc": 0.7769360542297363, "best_acc": 0.7773569226264954, "loss": 1790.9217665100098, "epoch_time": 644.0097620487213}, "12": {"global_step": 4800, "best_epoch": 12, "acc": 0.7779180407524109, "best_acc": 0.7779180407524109, "loss": 1708.4118317921957, "epoch_time": 642.8581094741821}, "13": {"global_step": 5200, "best_epoch": 13, "acc": 0.7868967652320862, "best_acc": 0.7868967652320862, "loss": 1632.5539924093393, "epoch_time": 644.2099187374115}, "14": {"global_step": 5600, "best_epoch": 13, "acc": 0.7831088900566101, "best_acc": 0.7868967652320862, "loss": 1563.8811592973982, "epoch_time": 645.1433434486389}, "15": {"global_step": 6000, "best_epoch": 13, "acc": 0.7801627516746521, "best_acc": 0.7868967652320862, "loss": 1501.758079264323, "epoch_time": 643.922693490982}, "16": {"global_step": 6400, "best_epoch": 13, "acc": 0.7716049551963806, "best_acc": 0.7868967652320862, "loss": 1444.4857206249237, "epoch_time": 643.726592540741}, "17": {"global_step": 6800, "best_epoch": 13, "acc": 0.7790403962135315, "best_acc": 0.7868967652320862, "loss": 1391.7375301361085, "epoch_time": 644.4123895168304}, "18": {"global_step": 7200, "best_epoch": 13, "acc": 0.7783389687538147, "best_acc": 0.7868967652320862, "loss": 532.9500253295898, "epoch_time": 647.7232863903046}, "19": {"global_step": 7600, "best_epoch": 13, "acc": 0.7776374816894531, "best_acc": 0.7868967652320862, "loss": 523.5379981803894, "epoch_time": 644.641678571701}, "20": {"global_step": 8000, "best_epoch": 20, "acc": 0.7870370149612427, "best_acc": 0.7870370149612427, "loss": 515.2751339085897, "epoch_time": 644.1834650039673}, "21": {"global_step": 8400, "best_epoch": 20, "acc": 0.7766554355621338, "best_acc": 0.7870370149612427, "loss": 441.5971339416504, "epoch_time": 643.435919046402}, "22": {"global_step": 8800, "best_epoch": 20, "acc": 0.7784792184829712, "best_acc": 0.7870370149612427, "loss": 423.3900824546814, "epoch_time": 639.0142192840576}, "23": {"global_step": 9200, "best_epoch": 20, "acc": 0.7822670936584473, "best_acc": 0.7870370149612427, "loss": 415.1410543314616, "epoch_time": 639.5465812683105}, "24": {"global_step": 9600, "best_epoch": 20, "acc": 0.7801627516746521, "best_acc": 0.7870370149612427, "loss": 411.15254897117615, "epoch_time": 639.0169370174408}, "25": {"global_step": 10000, "best_epoch": 20, "acc": 0.779321014881134, "best_acc": 0.7870370149612427, "loss": 406.84324857330324, "epoch_time": 640.1832394599915}, "26": {"global_step": 10400, "best_epoch": 20, "acc": 0.7784792184829712, "best_acc": 0.7870370149612427, "loss": 402.56893449147543, "epoch_time": 639.6414275169373}, "27": {"global_step": 10800, "best_epoch": 20, "acc": 0.7814253568649292, "best_acc": 0.7870370149612427, "loss": 398.85230271475655, "epoch_time": 640.6866855621338}, "28": {"global_step": 11200, "best_epoch": 20, "acc": 0.7840909361839294, "best_acc": 0.7870370149612427, "loss": 396.0632437467575, "epoch_time": 642.9066500663757}, "29": {"global_step": 11600, "best_epoch": 20, "acc": 0.7772166132926941, "best_acc": 0.7870370149612427, "loss": 393.7086125564575, "epoch_time": 643.6694867610931}, "30": {"global_step": 12000, "best_epoch": 20, "acc": 0.7826879620552063, "best_acc": 0.7870370149612427, "loss": 392.10000902938845, "epoch_time": 644.5059068202972}, "31": {"global_step": 12400, "best_epoch": 20, "acc": 0.7864758968353271, "best_acc": 0.7870370149612427, "loss": 387.7121788337014, "epoch_time": 647.8626244068146}, "32": {"global_step": 12800, "best_epoch": 20, "acc": 0.7767957448959351, "best_acc": 0.7870370149612427, "loss": 382.2062443796794, "epoch_time": 645.1371886730194}, "33": {"global_step": 13200, "best_epoch": 20, "acc": 0.7725870013237, "best_acc": 0.7870370149612427, "loss": 377.518999134944, "epoch_time": 645.3618397712708}, "34": {"global_step": 13600, "best_epoch": 20, "acc": 0.7758136987686157, "best_acc": 0.7870370149612427, "loss": 373.20209420067926, "epoch_time": 648.8480896949768}, "35": {"global_step": 14000, "best_epoch": 20, "acc": 0.773007869720459, "best_acc": 0.7870370149612427, "loss": 369.76665547561646, "epoch_time": 648.8462550640106}, "36": {"global_step": 14400, "best_epoch": 20, "acc": 0.7661335468292236, "best_acc": 0.7870370149612427, "loss": 366.47715217471125, "epoch_time": 648.1734261512756}, "37": {"global_step": 14800, "best_epoch": 20, "acc": 0.7794612646102905, "best_acc": 0.7870370149612427, "loss": 363.63163883994605, "epoch_time": 648.7662196159363}, "38": {"global_step": 15200, "best_epoch": 20, "acc": 0.7819865345954895, "best_acc": 0.7870370149612427, "loss": 360.83178857273526, "epoch_time": 647.8793122768402}, "39": {"global_step": 15600, "best_epoch": 20, "acc": 0.775954008102417, "best_acc": 0.7870370149612427, "loss": 358.3584735418621, "epoch_time": 648.2912814617157}, "40": {"global_step": 16000, "best_epoch": 20, "acc": 0.7711840867996216, "best_acc": 0.7870370149612427, "loss": 355.9176089935303, "epoch_time": 647.6022005081177}, "41": {"global_step": 16400, "best_epoch": 20, "acc": 0.7776374816894531, "best_acc": 0.7870370149612427, "loss": 353.7113358815511, "epoch_time": 648.4885776042938}, "42": {"global_step": 16800, "best_epoch": 20, "acc": 0.7770763039588928, "best_acc": 0.7870370149612427, "loss": 351.9054335732894, "epoch_time": 649.9159142971039}, "43": {"global_step": 17200, "best_epoch": 20, "acc": 0.7692199945449829, "best_acc": 0.7870370149612427, "loss": 349.95231575012207, "epoch_time": 650.5865366458893}, "44": {"global_step": 17600, "best_epoch": 20, "acc": 0.7703422904014587, "best_acc": 0.7870370149612427, "loss": 348.1787547206879, "epoch_time": 649.1117947101593}, "45": {"global_step": 18000, "best_epoch": 20, "acc": 0.7703422904014587, "best_acc": 0.7870370149612427, "loss": 346.5906552520752, "epoch_time": 649.5065655708313}, "46": {"global_step": 18400, "best_epoch": 20, "acc": 0.77048259973526, "best_acc": 0.7870370149612427, "loss": 345.00508363577035, "epoch_time": 647.5218553543091}, "47": {"global_step": 18800, "best_epoch": 20, "acc": 0.7784792184829712, "best_acc": 0.7870370149612427, "loss": 343.44310417952363, "epoch_time": 646.4813892841339}, "48": {"global_step": 19200, "best_epoch": 20, "acc": 0.7786195278167725, "best_acc": 0.7870370149612427, "loss": 342.1719930655616, "epoch_time": 650.0148253440857},