{"1": {"global_step": 166, "best_epoch": 1, "acc": 0.5661016702651978, "best_acc": 0.5661016702651978, "loss": 2578.145209254989, "epoch_time": 288.7584488391876}, "2": {"global_step": 332, "best_epoch": 1, "acc": 0.5548022389411926, "best_acc": 0.5661016702651978, "loss": 2527.716351244823, "epoch_time": 288.6396062374115}, "3": {"global_step": 498, "best_epoch": 1, "acc": 0.5627118349075317, "best_acc": 0.5661016702651978, "loss": 2501.4985699634476, "epoch_time": 286.7719750404358}, "4": {"global_step": 664, "best_epoch": 4, "acc": 0.5717514157295227, "best_acc": 0.5717514157295227, "loss": 2483.3111274443477, "epoch_time": 286.581396818161}, "5": {"global_step": 830, "best_epoch": 4, "acc": 0.5615819096565247, "best_acc": 0.5717514157295227, "loss": 2467.6665089067205, "epoch_time": 285.32494831085205}, "6": {"global_step": 996, "best_epoch": 4, "acc": 0.5683615803718567, "best_acc": 0.5717514157295227, "loss": 2468.4043608516095, "epoch_time": 286.377325296402}, "7": {"global_step": 1162, "best_epoch": 4, "acc": 0.5717514157295227, "best_acc": 0.5717514157295227, "loss": 2465.2892604177873, "epoch_time": 286.0966296195984}, "8": {"global_step": 1328, "best_epoch": 4, "acc": 0.5435028076171875, "best_acc": 0.5717514157295227, "loss": 2460.6401153932134, "epoch_time": 286.5083923339844}, "9": {"global_step": 1494, "best_epoch": 9, "acc": 0.5728813409805298, "best_acc": 0.5728813409805298, "loss": 2453.490234865242, "epoch_time": 285.9762945175171}, "10": {"global_step": 1660, "best_epoch": 10, "acc": 0.5796610116958618, "best_acc": 0.5796610116958618, "loss": 2444.139833307841, "epoch_time": 286.5872962474823}, "11": {"global_step": 1826, "best_epoch": 11, "acc": 0.5898305177688599, "best_acc": 0.5898305177688599, "loss": 2430.9100193387185, "epoch_time": 285.56964898109436}, "12": {"global_step": 1992, "best_epoch": 11, "acc": 0.5853107571601868, "best_acc": 0.5898305177688599, "loss": 2415.306308976139, "epoch_time": 286.3240764141083}, "13": {"global_step": 2158, "best_epoch": 11, "acc": 0.5694915056228638, "best_acc": 0.5898305177688599, "loss": 2396.1585595499487, "epoch_time": 286.4352102279663}, "14": {"global_step": 2324, "best_epoch": 14, "acc": 0.6022598743438721, "best_acc": 0.6022598743438721, "loss": 2375.5179004767674, "epoch_time": 286.47450399398804}, "15": {"global_step": 2490, "best_epoch": 14, "acc": 0.5909604430198669, "best_acc": 0.6022598743438721, "loss": 2350.90561018488, "epoch_time": 285.55707263946533}, "16": {"global_step": 2656, "best_epoch": 14, "acc": 0.5966101884841919, "best_acc": 0.6022598743438721, "loss": 2324.9030179862516, "epoch_time": 285.5062906742096}, "17": {"global_step": 2822, "best_epoch": 14, "acc": 0.59548020362854, "best_acc": 0.6022598743438721, "loss": 2297.381054635592, "epoch_time": 285.3200707435608}, "18": {"global_step": 2988, "best_epoch": 18, "acc": 0.6180790662765503, "best_acc": 0.6180790662765503, "loss": 2269.135587679494, "epoch_time": 285.0808126926422}, "19": {"global_step": 3154, "best_epoch": 19, "acc": 0.6225988864898682, "best_acc": 0.6225988864898682, "loss": 2238.7459029812712, "epoch_time": 284.49383330345154}, "20": {"global_step": 3320, "best_epoch": 19, "acc": 0.6000000238418579, "best_acc": 0.6225988864898682, "loss": 2206.3789534235575, "epoch_time": 286.23234248161316}, "21": {"global_step": 3486, "best_epoch": 19, "acc": 0.598870038986206, "best_acc": 0.6225988864898682, "loss": 2169.305879681533, "epoch_time": 285.4431028366089}, "22": {"global_step": 3652, "best_epoch": 19, "acc": 0.604519784450531, "best_acc": 0.6225988864898682, "loss": 2130.468682446851, "epoch_time": 286.04376316070557}, "23": {"global_step": 3818, "best_epoch": 19, "acc": 0.601129949092865, "best_acc": 0.6225988864898682, "loss": 2091.7513433809117, "epoch_time": 285.4753694534302}, "24": {"global_step": 3984, "best_epoch": 19, "acc": 0.6067796349525452, "best_acc": 0.6225988864898682, "loss": 2053.5018146468933, "epoch_time": 285.8382394313812}, "25": {"global_step": 4150, "best_epoch": 19, "acc": 0.601129949092865, "best_acc": 0.6225988864898682, "loss": 2016.5225665650885, "epoch_time": 285.29787611961365}, "26": {"global_step": 4316, "best_epoch": 19, "acc": 0.6124293804168701, "best_acc": 0.6225988864898682, "loss": 1980.0333386015516, "epoch_time": 284.7226870059967}, "27": {"global_step": 4482, "best_epoch": 19, "acc": 0.601129949092865, "best_acc": 0.6225988864898682, "loss": 1944.7805559531964, "epoch_time": 284.9096562862396}, "28": {"global_step": 4648, "best_epoch": 19, "acc": 0.6056497097015381, "best_acc": 0.6225988864898682, "loss": 1911.4476782294846, "epoch_time": 285.62005591392517}, "29": {"global_step": 4814, "best_epoch": 19, "acc": 0.6124293804168701, "best_acc": 0.6225988864898682, "loss": 1878.8198315977406, "epoch_time": 285.62648844718933}, "30": {"global_step": 4980, "best_epoch": 19, "acc": 0.6033898591995239, "best_acc": 0.6225988864898682, "loss": 1846.8225149744485, "epoch_time": 285.4947147369385}, "31": {"global_step": 5146, "best_epoch": 19, "acc": 0.6056497097015381, "best_acc": 0.6225988864898682, "loss": 1815.385790033559, "epoch_time": 286.5362615585327}, "32": {"global_step": 5312, "best_epoch": 19, "acc": 0.6056497097015381, "best_acc": 0.6225988864898682, "loss": 1784.803742092776, "epoch_time": 285.5296280384064}, "33": {"global_step": 5478, "best_epoch": 19, "acc": 0.6033898591995239, "best_acc": 0.6225988864898682, "loss": 1755.701875634418, "epoch_time": 284.8621611595154}, "34": {"global_step": 5644, "best_epoch": 19, "acc": 0.594350278377533, "best_acc": 0.6225988864898682, "loss": 1727.5687607265718, "epoch_time": 284.7184166908264}, "35": {"global_step": 5810, "best_epoch": 19, "acc": 0.6000000238418579, "best_acc": 0.6225988864898682, "loss": 1700.2879673023847, "epoch_time": 286.1796226501465}, "36": {"global_step": 5976, "best_epoch": 19, "acc": 0.594350278377533, "best_acc": 0.6225988864898682, "loss": 1674.4523317983032, "epoch_time": 285.121262550354}, "37": {"global_step": 6142, "best_epoch": 19, "acc": 0.6225988864898682, "best_acc": 0.6225988864898682, "loss": 1649.7790161401122, "epoch_time": 285.61903262138367}, "38": {"global_step": 6308, "best_epoch": 19, "acc": 0.6203389763832092, "best_acc": 0.6225988864898682, "loss": 1625.8251968364436, "epoch_time": 286.59105920791626}, "39": {"global_step": 6474, "best_epoch": 19, "acc": 0.5909604430198669, "best_acc": 0.6225988864898682, "loss": 1603.040849748717, "epoch_time": 285.11565232276917}, "40": {"global_step": 6640, "best_epoch": 40, "acc": 0.6293785572052002, "best_acc": 0.6293785572052002, "loss": 1581.125578864224, "epoch_time": 285.4314866065979}, "41": {"global_step": 6806, "best_epoch": 40, "acc": 0.6067796349525452, "best_acc": 0.6293785572052002, "loss": 1560.3687156253516, "epoch_time": 284.79149317741394}, "42": {"global_step": 6972, "best_epoch": 40, "acc": 0.6135593056678772, "best_acc": 0.6293785572052002, "loss": 1540.2875821698485, "epoch_time": 286.38687920570374}, "43": {"global_step": 7138, "best_epoch": 40, "acc": 0.614689290523529, "best_acc": 0.6293785572052002, "loss": 1520.8162081679166, "epoch_time": 286.35707998275757}, "44": {"global_step": 7304, "best_epoch": 40, "acc": 0.6022598743438721, "best_acc": 0.6293785572052002, "loss": 1502.3184206650265, "epoch_time": 285.54034996032715}, "45": {"global_step": 7470, "best_epoch": 40, "acc": 0.5909604430198669, "best_acc": 0.6293785572052002, "loss": 1484.4286566921985, "epoch_time": 285.27632665634155}, "46": {"global_step": 7636, "best_epoch": 40, "acc": 0.601129949092865, "best_acc": 0.6293785572052002, "loss": 687.4323364625494, "epoch_time": 289.92667984962463}, "47": {"global_step": 7802, "best_epoch": 40, "acc": 0.5932203531265259, "best_acc": 0.6293785572052002, "loss": 682.1157202663192, "epoch_time": 284.06697273254395}, "48": {"global_step": 7968, "best_epoch": 40, "acc": 0.5717514157295227, "best_acc": 0.6293785572052002, "loss": 680.064619929915, "epoch_time": 284.29641032218933},