{"1": {"global_step": 123, "best_epoch": 1, "acc": 0.5598886013031006, "best_acc": 0.5598886013031006, "loss": 2777.5772933339686, "epoch_time": 210.00590443611145}, "2": {"global_step": 246, "best_epoch": 2, "acc": 0.573816180229187, "best_acc": 0.573816180229187, "loss": 2637.192765894944, "epoch_time": 208.69801568984985}, "3": {"global_step": 369, "best_epoch": 3, "acc": 0.6095635890960693, "best_acc": 0.6095635890960693, "loss": 2574.26312867865, "epoch_time": 207.54064416885376}, "4": {"global_step": 492, "best_epoch": 4, "acc": 0.6258124709129333, "best_acc": 0.6258124709129333, "loss": 2527.9039187547637, "epoch_time": 204.40354681015015}, "5": {"global_step": 615, "best_epoch": 5, "acc": 0.6490250825881958, "best_acc": 0.6490250825881958, "loss": 2489.087679433435, "epoch_time": 203.84442281723022}, "6": {"global_step": 738, "best_epoch": 6, "acc": 0.7237697243690491, "best_acc": 0.7237697243690491, "loss": 2245.0320022707065, "epoch_time": 208.2432758808136}, "7": {"global_step": 861, "best_epoch": 7, "acc": 0.7725162506103516, "best_acc": 0.7725162506103516, "loss": 2095.0842066819105, "epoch_time": 204.23546290397644}, "8": {"global_step": 984, "best_epoch": 8, "acc": 0.7943361401557922, "best_acc": 0.7943361401557922, "loss": 1948.5402120781462, "epoch_time": 204.19937372207642}, "9": {"global_step": 1107, "best_epoch": 9, "acc": 0.7989786267280579, "best_acc": 0.7989786267280579, "loss": 1809.8089026474372, "epoch_time": 206.5516746044159}, "10": {"global_step": 1230, "best_epoch": 10, "acc": 0.8022283911705017, "best_acc": 0.8022283911705017, "loss": 1686.0336885281695, "epoch_time": 212.19210648536682}, "11": {"global_step": 1353, "best_epoch": 11, "acc": 0.8263695240020752, "best_acc": 0.8263695240020752, "loss": 1574.863956441078, "epoch_time": 206.47608613967896}, "12": {"global_step": 1476, "best_epoch": 11, "acc": 0.8184772729873657, "best_acc": 0.8263695240020752, "loss": 1478.5706766551657, "epoch_time": 204.0447301864624}, "13": {"global_step": 1599, "best_epoch": 11, "acc": 0.8263695240020752, "best_acc": 0.8263695240020752, "loss": 1391.0950077956286, "epoch_time": 203.77205610275269}, "14": {"global_step": 1722, "best_epoch": 14, "acc": 0.8426184058189392, "best_acc": 0.8426184058189392, "loss": 1314.0471126897548, "epoch_time": 205.09152364730835}, "15": {"global_step": 1845, "best_epoch": 15, "acc": 0.8463324308395386, "best_acc": 0.8463324308395386, "loss": 1247.241827318145, "epoch_time": 203.6006727218628}, "16": {"global_step": 1968, "best_epoch": 15, "acc": 0.8421541452407837, "best_acc": 0.8463324308395386, "loss": 1186.908173306642, "epoch_time": 204.92285752296448}, "17": {"global_step": 2091, "best_epoch": 15, "acc": 0.8426184058189392, "best_acc": 0.8463324308395386, "loss": 1131.7951945069683, "epoch_time": 203.82599878311157}, "18": {"global_step": 2214, "best_epoch": 15, "acc": 0.8421541452407837, "best_acc": 0.8463324308395386, "loss": 1083.1638802533748, "epoch_time": 205.0704870223999}, "19": {"global_step": 2337, "best_epoch": 19, "acc": 0.8467966318130493, "best_acc": 0.8467966318130493, "loss": 1040.3559237844577, "epoch_time": 205.65826177597046}, "20": {"global_step": 2460, "best_epoch": 19, "acc": 0.844011127948761, "best_acc": 0.8467966318130493, "loss": 1001.0860005696615, "epoch_time": 205.66391324996948}, "21": {"global_step": 2583, "best_epoch": 21, "acc": 0.8588672280311584, "best_acc": 0.8588672280311584, "loss": 961.8807217202535, "epoch_time": 204.4527587890625}, "22": {"global_step": 2706, "best_epoch": 21, "acc": 0.8532962203025818, "best_acc": 0.8588672280311584, "loss": 357.036877267729, "epoch_time": 208.0741744041443}, "23": {"global_step": 2829, "best_epoch": 21, "acc": 0.8523676991462708, "best_acc": 0.8588672280311584, "loss": 350.1556135348188, "epoch_time": 205.06968927383423}, "24": {"global_step": 2952, "best_epoch": 21, "acc": 0.854224681854248, "best_acc": 0.8588672280311584, "loss": 344.05869762555045, "epoch_time": 205.66935515403748}, "25": {"global_step": 3075, "best_epoch": 21, "acc": 0.8402971029281616, "best_acc": 0.8588672280311584, "loss": 339.95132105137276, "epoch_time": 205.1880669593811}, "26": {"global_step": 3198, "best_epoch": 21, "acc": 0.8444753885269165, "best_acc": 0.8588672280311584, "loss": 336.73359707467927, "epoch_time": 205.34164953231812}, "27": {"global_step": 3321, "best_epoch": 27, "acc": 0.8597957491874695, "best_acc": 0.8597957491874695, "loss": 332.222485674106, "epoch_time": 205.725670337677}, "28": {"global_step": 3444, "best_epoch": 27, "acc": 0.8370473384857178, "best_acc": 0.8597957491874695, "loss": 327.6514367647426, "epoch_time": 204.70587491989136}, "29": {"global_step": 3567, "best_epoch": 27, "acc": 0.844011127948761, "best_acc": 0.8597957491874695, "loss": 322.881265834095, "epoch_time": 204.89063620567322}, "30": {"global_step": 3690, "best_epoch": 27, "acc": 0.8597957491874695, "best_acc": 0.8597957491874695, "loss": 318.6785183211329, "epoch_time": 205.68680143356323}, "31": {"global_step": 3813, "best_epoch": 31, "acc": 0.8662952780723572, "best_acc": 0.8662952780723572, "loss": 313.7555359506995, "epoch_time": 203.12761974334717}, "32": {"global_step": 3936, "best_epoch": 31, "acc": 0.8519034385681152, "best_acc": 0.8662952780723572, "loss": 307.4629748415612, "epoch_time": 203.5469229221344}, "33": {"global_step": 4059, "best_epoch": 31, "acc": 0.8560817241668701, "best_acc": 0.8662952780723572, "loss": 302.14771589677184, "epoch_time": 203.6713671684265}, "34": {"global_step": 4182, "best_epoch": 31, "acc": 0.8495821952819824, "best_acc": 0.8662952780723572, "loss": 297.3496679576805, "epoch_time": 203.02835035324097}, "35": {"global_step": 4305, "best_epoch": 31, "acc": 0.8481894135475159, "best_acc": 0.8662952780723572, "loss": 292.846226992369, "epoch_time": 203.83567094802856}, "36": {"global_step": 4428, "best_epoch": 31, "acc": 0.8514391779899597, "best_acc": 0.8662952780723572, "loss": 288.0622369326873, "epoch_time": 203.80826807022095}, "37": {"global_step": 4551, "best_epoch": 31, "acc": 0.8560817241668701, "best_acc": 0.8662952780723572, "loss": 283.8943659076846, "epoch_time": 203.88205289840698}, "38": {"global_step": 4674, "best_epoch": 31, "acc": 0.8486536741256714, "best_acc": 0.8662952780723572, "loss": 280.5442264617088, "epoch_time": 204.12806749343872}, "39": {"global_step": 4797, "best_epoch": 31, "acc": 0.8500463962554932, "best_acc": 0.8662952780723572, "loss": 276.9627624794289, "epoch_time": 203.36103653907776}, "40": {"global_step": 4920, "best_epoch": 31, "acc": 0.8532962203025818, "best_acc": 0.8662952780723572, "loss": 274.3441489549799, "epoch_time": 203.95818090438843}, "41": {"global_step": 5043, "best_epoch": 31, "acc": 0.8509749174118042, "best_acc": 0.8662952780723572, "loss": 271.579412361083, "epoch_time": 203.5062301158905}, "42": {"global_step": 5166, "best_epoch": 31, "acc": 0.8481894135475159, "best_acc": 0.8662952780723572, "loss": 269.00158567055684, "epoch_time": 203.77453207969666}, "43": {"global_step": 5289, "best_epoch": 31, "acc": 0.8463324308395386, "best_acc": 0.8662952780723572, "loss": 266.2074900949257, "epoch_time": 203.74286484718323}, "44": {"global_step": 5412, "best_epoch": 31, "acc": 0.8467966318130493, "best_acc": 0.8662952780723572, "loss": 263.46090550589537, "epoch_time": 204.10812425613403}, "45": {"global_step": 5535, "best_epoch": 31, "acc": 0.8467966318130493, "best_acc": 0.8662952780723572, "loss": 261.4536832419191, "epoch_time": 203.82647681236267}, "46": {"global_step": 5658, "best_epoch": 31, "acc": 0.8477251529693604, "best_acc": 0.8662952780723572, "loss": 259.55245024146103, "epoch_time": 203.5752923488617}, "47": {"global_step": 5781, "best_epoch": 31, "acc": 0.8500463962554932, "best_acc": 0.8662952780723572, "loss": 257.279758498697, "epoch_time": 203.3700134754181}, "48": {"global_step": 5904, "best_epoch": 31, "acc": 0.8421541452407837, "best_acc": 0.8662952780723572, "loss": 255.21523494887015, "epoch_time": 204.16058826446533},